individualId,name,date,whether
F000,安中,2026-07-08,{"hourly":[{"weather":[[1.96,18.98,0,1.04,5.42,null],[2,18.33,0,1.04,3.67,null],[1.48,18.21,0,1.04,3.16,null],[1.48,18.79,0,1.04,2.56,null],[1,21.07,0,4.7,3.99,null],[1,22.98,0,6.26,6.5,null],[1.48,24.31,0,5.22,7.97,null],[1,25.28,0,2.09,8.42,null],[1,25.15,0,0.52,7.77,null],[1,23.93,0,0,5.63,null],[1,22.15,0,0,5.24,null],[1.48,21.14,0,0,6.25,null]],"oneday":{"avg":null,"sunrise":null,"sunset":null},"tide":[]},{"weather":[[1.52,20.22,0,0,4.47,null],[1.52,19.9,0,0,3.99,null],[0.48,19.48,0,0,3.3,null],[1,20.2,0,0,1.72,null],[1,22.64,0,0,2.2,null],[1,25.21,0,0,3.9,null],[0.48,27.44,0,0,6.28,null],[0,28.47,0,1.43,8.8,null],[0,28.16,0,1.91,9.81,null],[1,26.21,0,1.91,8.91,null],[1,24.2,0,1.91,6.97,null],[1,22.92,0,1.43,5.91,null]],"oneday":{"avg":null,"sunrise":null,"sunset":null},"tide":[]},{"weather":[[1,21.86,0,0,4.9,null],[0.52,21.29,0,0,2.73,null],[0,20.87,0,0,3.53,null],[0,21.45,0,0,2.6,null],[0,24.13,0,0,2.44,null],[0.48,26.87,0,0.48,4.63,null],[0.48,29.2,0,0.96,6.92,null],[0,30.48,0,1.43,9.93,null],[0,30,0,2.87,10.96,null],[0.48,27.6,0,3.83,9.8,null],[1,24.78,0,1.91,7.83,null],[1,23.35,0,0.48,6.81,null]],"oneday":{"avg":null,"sunrise":null,"sunset":null},"tide":[]}],"daily":[{"weather":[3,29.15],"tide":[],"dailyEx":{"avg":null,"wave":null,"sunrise":null,"sunset":null}},{"weather":[51,28.07],"tide":[],"dailyEx":{"avg":null,"wave":null,"sunrise":null,"sunset":null}},{"weather":[75.87,26.64],"tide":[],"dailyEx":{"avg":null,"wave":null,"sunrise":null,"sunset":null}},{"weather":[3,31.45],"tide":[],"dailyEx":{"avg":null,"wave":null,"sunrise":null,"sunset":null}},{"weather":[2.04,32.14],"tide":[],"dailyEx":{"avg":null,"wave":null,"sunrise":null,"sunset":null}}]}
F001,宇都宮,2026-07-08,{"hourly":[{"weather":[[2.57,20.02,0,11.36,3.49,null],[2,19.49,0,9.08,3.68,null],[1,18.93,0,5.11,3.23,null],[1,19.23,0,2.27,3.38,null],[1,21.35,0,14.76,5.6,null],[1.57,23.55,0,19.87,6.27,null],[1.57,25.13,0,13.63,6.31,null],[1,26.16,0,6.81,6.91,null],[1,26.28,0,4.54,7.16,null],[1.57,24.76,0,5.68,8.48,null],[1,22.41,0,3.41,6.94,null],[1,21.17,0,1.14,5.07,null]],"oneday":{"avg":null,"sunrise":null,"sunset":null},"tide":[]},{"weather":[[1,20.27,0,0,3.6,null],[2.14,19.88,0,0,4.11,null],[2.14,19.58,0,0,4.25,null],[1.7,19.99,0,0,4.47,null],[1,22.5,0,0,6.59,null],[0.57,25.18,0,2.27,5.75,null],[1,27.55,0,9.08,5.52,null],[1,29.04,0,21.58,5.96,null],[1,29.34,0,25.55,7.5,null],[1,27.32,0,19.87,9.44,null],[1,24.47,0,16.47,8.23,null],[1,22.84,0,10.79,5.44,null]],"oneday":{"avg":null,"sunrise":null,"sunset":null},"tide":[]},{"weather":[[0.43,21.77,0,4.54,4.74,null],[0,20.73,0,1.7,3.66,null],[0,20.04,0,0.57,4.05,null],[0.57,20.62,0,0,3.15,null],[0.43,23.35,0,0,5.39,null],[0,26.86,0,5.11,5.82,null],[0,29.91,0,17.6,6.01,null],[0,31.82,0,25.55,7.26,null],[1,31.86,0,24.42,9.57,null],[0.57,28.88,0,15.33,10.46,null],[1,25.95,0,5.68,8.15,null],[1,24.01,0,0.57,6.85,null]],"oneday":{"avg":null,"sunrise":null,"sunset":null},"tide":[]}],"daily":[{"weather":[3,29.36],"tide":[],"dailyEx":{"avg":null,"wave":null,"sunrise":null,"sunset":null}},{"weather":[53,27.34],"tide":[],"dailyEx":{"avg":null,"wave":null,"sunrise":null,"sunset":null}},{"weather":[95.57,28.07],"tide":[],"dailyEx":{"avg":null,"wave":null,"sunrise":null,"sunset":null}},{"weather":[30.25,30.98],"tide":[],"dailyEx":{"avg":null,"wave":null,"sunrise":null,"sunset":null}},{"weather":[3,31.9],"tide":[],"dailyEx":{"avg":null,"wave":null,"sunrise":null,"sunset":null}}]}
F002,奥多摩,2026-07-08,{"hourly":[{"weather":[[1.36,20.63,0,0,2.05,null],[1,20.03,0,0,2.42,null],[1,19.72,0,0,1.83,null],[1,19.98,0,0,2.3,null],[1,21.98,0,0,1.75,null],[1,24.86,0,0,4.36,null],[1,26.66,0,0,5.09,null],[1,27.86,0,0,6.01,null],[1,27.72,0,0,5.87,null],[0.64,25.63,0,0,4.87,null],[0.64,23.6,0,0,2.68,null],[0.36,22.29,0,0,3.92,null]],"oneday":{"avg":null,"sunrise":null,"sunset":null},"tide":[]},{"weather":[[1,21.44,0,0,3.62,null],[1,20.88,0,0,2.79,null],[1,20.54,0,0,2.74,null],[0,21.02,0,0,1.8,null],[0,24.01,0,0,3.34,null],[0.64,27.19,0,0,3.55,null],[0.36,29.42,0,0,5.4,null],[0,30.35,0,0,7.15,null],[0,29.55,0,0.64,8.19,null],[0,26.83,0,1.28,6.85,null],[1,24.53,0,0.64,3.57,null],[1,23.49,0,0,3.17,null]],"oneday":{"avg":null,"sunrise":null,"sunset":null},"tide":[]},{"weather":[[1,22.74,0,0,2.71,null],[0.36,22.18,0,0,2.92,null],[0,21.58,0,0,2.54,null],[0,22.18,0,0,2.05,null],[0,25.34,0,0,2.47,null],[0,28.61,0,1.64,3.89,null],[0,30.94,0,6.55,5.5,null],[0,31.63,0,11.21,8.44,null],[0,30.37,0,8.93,9.23,null],[0,27.43,0,1.28,7.11,null],[0,25.07,0,0,3.26,null],[0,23.93,0,0,3.25,null]],"oneday":{"avg":null,"sunrise":null,"sunset":null},"tide":[]}],"daily":[{"weather":[3,30.1],"tide":[],"dailyEx":{"avg":null,"wave":null,"sunrise":null,"sunset":null}},{"weather":[61.68,29.24],"tide":[],"dailyEx":{"avg":null,"wave":null,"sunrise":null,"sunset":null}},{"weather":[51,30.27],"tide":[],"dailyEx":{"avg":null,"wave":null,"sunrise":null,"sunset":null}},{"weather":[3,32.24],"tide":[],"dailyEx":{"avg":null,"wave":null,"sunrise":null,"sunset":null}},{"weather":[33.62,33.47],"tide":[],"dailyEx":{"avg":null,"wave":null,"sunrise":null,"sunset":null}}]}
F003,花園渓谷,2026-07-08,{"hourly":[{"weather":[[2,15.8,0,0,3.6,null],[2,15.4,0,0,3.8,null],[1,14.9,0,0,4.1,null],[0,16.3,0,0,2.5,null],[1,19.2,0,0,4.2,null],[2,20.5,0,0,5.9,null],[1,20.9,0,0,6,null],[1,21.1,0,10,5.6,null],[1,20.5,0,13,4.8,null],[1,18.9,0,6,3.9,null],[1,17.3,0,1,3.7,null],[2,17,0,0,4.9,null]],"oneday":{"avg":null,"sunrise":null,"sunset":null},"tide":[]},{"weather":[[2,16.8,0,0,5.4,null],[1,17.2,0,0,6.3,null],[0,17.1,0,0,6.3,null],[0,18.3,0,0,6.6,null],[0,21.1,0,0,4.6,null],[1,23.4,0,0,0.8,null],[1,24.3,0,0,4.7,null],[1,23.7,0,25,5.5,null],[1,22.3,0,45,4.9,null],[1,20.7,0,49,3.6,null],[1,19.3,0,15,3.9,null],[1,19,0,0,5.1,null]],"oneday":{"avg":null,"sunrise":null,"sunset":null},"tide":[]},{"weather":[[1,19,0,0,6.6,null],[0,18.9,0,0,8,null],[0,19.2,0,0,8,null],[0,20.3,0,0,5.4,null],[0,23.6,0,0,3.7,null],[0,26.2,0,9,2.6,null],[1,26.8,0,35,4,null],[0,26,0,63,6.5,null],[1,24.6,0,63,5.1,null],[1,22.8,0,35,3.7,null],[1,21,0,9,3.1,null],[1,20.8,0,0,6.4,null]],"oneday":{"avg":null,"sunrise":null,"sunset":null},"tide":[]}],"daily":[{"weather":[95,27],"tide":[],"dailyEx":{"avg":null,"wave":null,"sunrise":null,"sunset":null}},{"weather":[51,27.2],"tide":[],"dailyEx":{"avg":null,"wave":null,"sunrise":null,"sunset":null}},{"weather":[95,23.6],"tide":[],"dailyEx":{"avg":null,"wave":null,"sunrise":null,"sunset":null}},{"weather":[51,27.5],"tide":[],"dailyEx":{"avg":null,"wave":null,"sunrise":null,"sunset":null}},{"weather":[3,29.3],"tide":[],"dailyEx":{"avg":null,"wave":null,"sunrise":null,"sunset":null}}]}
F004,鬼怒川,2026-07-08,{"hourly":[{"weather":[[2,21.1,0,0,2.3,null],[2,20.4,0,0,3.4,null],[1,19.9,0,0,3.4,null],[1,20.2,0,0,4,null],[1,22.6,0,0,3.9,null],[1,25.2,0,0,3.6,null],[1,27,0,0,5,null],[1,28.2,0,0,6.4,null],[1,28.1,0,0,7.9,null],[1,25.9,0,0,12,null],[1,23.6,0,0,8.7,null],[1,22.7,0,0,4.9,null]],"oneday":{"avg":null,"sunrise":null,"sunset":null},"tide":[]},{"weather":[[1,21.8,0,0,3.2,null],[1,21.3,0,0,3.2,null],[1,20.6,0,0,3.4,null],[0,21.3,0,0,2.6,null],[1,24.2,0,0,7.1,null],[0,27,0,0,6.6,null],[1,29.2,0,0,6.6,null],[1,30.8,0,0,7.1,null],[1,31.1,0,0,9.2,null],[1,28.4,0,0,12.9,null],[1,26,0,0,10.5,null],[1,24.6,0,0,6.8,null]],"oneday":{"avg":null,"sunrise":null,"sunset":null},"tide":[]},{"weather":[[1,23.7,0,0,6.1,null],[0,22.6,0,0,4.8,null],[0,21.8,0,0,4.5,null],[0,22.1,0,0,4,null],[1,24.6,0,0,5.9,null],[0,28,0,0,7.3,null],[0,31.1,0,0,7.2,null],[0,32.9,0,0,9.7,null],[1,33,0,0,11.9,null],[0,30.7,0,0,13.7,null],[1,27.2,0,0,11.5,null],[1,25.2,0,0,9.8,null]],"oneday":{"avg":null,"sunrise":null,"sunset":null},"tide":[]}],"daily":[{"weather":[3,30.1],"tide":[],"dailyEx":{"avg":null,"wave":null,"sunrise":null,"sunset":null}},{"weather":[53,29.1],"tide":[],"dailyEx":{"avg":null,"wave":null,"sunrise":null,"sunset":null}},{"weather":[95,30],"tide":[],"dailyEx":{"avg":null,"wave":null,"sunrise":null,"sunset":null}},{"weather":[3,29.9],"tide":[],"dailyEx":{"avg":null,"wave":null,"sunrise":null,"sunset":null}},{"weather":[3,33.6],"tide":[],"dailyEx":{"avg":null,"wave":null,"sunrise":null,"sunset":null}}]}
F005,熊谷,2026-07-08,{"hourly":[{"weather":[[1.51,21.8,0,0.98,3.28,null],[1.49,21.1,0,0.98,2.69,null],[1,20.6,0,0.98,2.25,null],[1,20.8,0,0.98,2.6,null],[1,22.75,0,4.43,3.68,null],[1,25.06,0,5.9,5.38,null],[1,27,0,4.92,6.21,null],[1,28.35,0,1.97,7.17,null],[1,28.7,0,0.49,7.13,null],[1.51,27.6,0,0,5.66,null],[1,25.2,0,0,6.12,null],[1,23.9,0,0,6.44,null]],"oneday":{"avg":null,"sunrise":null,"sunset":null},"tide":[]},{"weather":[[1.49,22.9,0,0,4.19,null],[1.49,22.1,0,0,2.99,null],[0.51,21.35,0,0,2.4,null],[1,21.6,0,0,1.2,null],[0.49,24.01,0,0,3.72,null],[0.49,26.86,0,0,4.1,null],[0,29.4,0,0,6.85,null],[0,30.64,0,0,9.44,null],[0.51,30.69,0,0,10.23,null],[1,28.73,0,0,9.69,null],[1,26.54,0,0,7.5,null],[1,24.89,0,0,6.15,null]],"oneday":{"avg":null,"sunrise":null,"sunset":null},"tide":[]},{"weather":[[1,23.79,0,0,4.75,null],[0.49,22.94,0,0,2.11,null],[0,22.2,0,0,2.3,null],[0,22.5,0,0,3.36,null],[0,25,0,0,4.42,null],[0,28.2,0,0,5.71,null],[0,30.74,0,0,8.01,null],[0,32.18,0,0,11.14,null],[0,31.83,0,0,12.23,null],[0,29.63,0,0,10.24,null],[0.49,26.43,0,0,8.6,null],[0.49,24.69,0,0,6.39,null]],"oneday":{"avg":null,"sunrise":null,"sunset":null},"tide":[]}],"daily":[{"weather":[3,31.45],"tide":[],"dailyEx":{"avg":null,"wave":null,"sunrise":null,"sunset":null}},{"weather":[51,30.7],"tide":[],"dailyEx":{"avg":null,"wave":null,"sunrise":null,"sunset":null}},{"weather":[74.67,30.85],"tide":[],"dailyEx":{"avg":null,"wave":null,"sunrise":null,"sunset":null}},{"weather":[3,32.26],"tide":[],"dailyEx":{"avg":null,"wave":null,"sunrise":null,"sunset":null}},{"weather":[3,35],"tide":[],"dailyEx":{"avg":null,"wave":null,"sunrise":null,"sunset":null}}]}
F006,軽井沢,2026-07-08,{"hourly":[{"weather":[[3,15.9,0,0,6.1,null],[2,15.3,0,0,4.3,null],[2,15.6,0,0,4.2,null],[2,16.7,0,0,2.3,null],[1,19.5,0,0,3.1,null],[1,21.1,0,0,6.4,null],[2,21.7,0,0,7.5,null],[1,22.2,0,0,8,null],[1,21.5,0,0,7.2,null],[1,19.7,0,0,6.2,null],[1,18.5,0,0,5.5,null],[2,17.9,0,0,5.1,null]],"oneday":{"avg":null,"sunrise":null,"sunset":null},"tide":[]},{"weather":[[1,17.3,0,0,4.1,null],[1,17.6,0,0,4.3,null],[1,17.6,0,0,4.5,null],[1,19,0,0,2.4,null],[1,21.7,0,0,2.2,null],[1,23.8,0,0,3.9,null],[1,25.2,0,0,5.6,null],[0,25.5,0,3,7.6,null],[0,24.4,0,4,8.3,null],[1,22.3,0,4,7.5,null],[1,20.7,0,4,6.5,null],[1,20,0,3,5.6,null]],"oneday":{"avg":null,"sunrise":null,"sunset":null},"tide":[]},{"weather":[[1,19.2,0,0,4.8,null],[0,19.1,0,0,4.3,null],[0,19.1,0,0,5.2,null],[0,20.2,0,0,2.6,null],[0,23.3,0,0,1.4,null],[1,25.2,0,1,4,null],[1,26.8,0,2,6.4,null],[0,27.3,0,3,8.1,null],[0,26.4,0,6,8.3,null],[1,24,0,8,8.5,null],[1,21.7,0,4,7.1,null],[1,20.9,0,1,6.6,null]],"oneday":{"avg":null,"sunrise":null,"sunset":null},"tide":[]}],"daily":[{"weather":[3,26.7],"tide":[],"dailyEx":{"avg":null,"wave":null,"sunrise":null,"sunset":null}},{"weather":[51,25.2],"tide":[],"dailyEx":{"avg":null,"wave":null,"sunrise":null,"sunset":null}},{"weather":[55,22.1],"tide":[],"dailyEx":{"avg":null,"wave":null,"sunrise":null,"sunset":null}},{"weather":[3,27.8],"tide":[],"dailyEx":{"avg":null,"wave":null,"sunrise":null,"sunset":null}},{"weather":[1,28.8],"tide":[],"dailyEx":{"avg":null,"wave":null,"sunrise":null,"sunset":null}}]}
F007,御前山,2026-07-08,{"hourly":[{"weather":[[2.59,18.11,0,0,3.56,null],[2.17,17.67,0,0,3.39,null],[1,17.52,0,0,3.6,null],[1,18.13,0,0,1.42,null],[1,20.66,0,0,1.65,null],[1,23.33,0,0,5.04,null],[1,25.02,0,1.17,6.49,null],[1,25.96,0,24.07,5.79,null],[1,24.93,0,37.57,5.65,null],[0.59,22.63,0,34.63,4.87,null],[0.59,20.67,0,11.15,2.69,null],[1,19.75,0,0,3.3,null]],"oneday":{"avg":null,"sunrise":null,"sunset":null},"tide":[]},{"weather":[[1,19.23,0,0,4.41,null],[1,18.91,0,0,3.95,null],[1,18.75,0,0,3.7,null],[0.59,19.4,0,0,0.74,null],[0.59,22.38,0,0,2.78,null],[0.59,24.83,0,0.59,5.76,null],[0.41,26.58,0,8.22,7.15,null],[0.59,27.09,0,39.33,6.6,null],[31.11,25.18,0.47,55.76,5.47,null],[31.11,23.25,0.35,48.13,4.89,null],[1.59,21.36,0,15.26,4.92,null],[1,20.55,0,0,5.51,null]],"oneday":{"avg":null,"sunrise":null,"sunset":null},"tide":[]},{"weather":[[1,19.99,0,0,4.77,null],[0.41,19.63,0,0,4.7,null],[0,19.09,0,0,3.95,null],[0,19.8,0,0,1.97,null],[0,22.82,0,0,3.12,null],[0.59,25.64,0,5.11,5.51,null],[0,27.49,0,17.5,6.84,null],[0.59,27.88,0,21.54,7.4,null],[31.11,25.74,0.47,20.54,5.57,null],[32.28,23.5,0.7,14.09,6.41,null],[0.59,21.26,0,4.7,7.13,null],[0,20.52,0,0,5.86,null]],"oneday":{"avg":null,"sunrise":null,"sunset":null},"tide":[]}],"daily":[{"weather":[3,25.95],"tide":[],"dailyEx":{"avg":null,"wave":null,"sunrise":null,"sunset":null}},{"weather":[31.18,25.72],"tide":[],"dailyEx":{"avg":null,"wave":null,"sunrise":null,"sunset":null}},{"weather":[52.17,25.82],"tide":[],"dailyEx":{"avg":null,"wave":null,"sunrise":null,"sunset":null}},{"weather":[31.18,28.14],"tide":[],"dailyEx":{"avg":null,"wave":null,"sunrise":null,"sunset":null}},{"weather":[1.83,29.59],"tide":[],"dailyEx":{"avg":null,"wave":null,"sunrise":null,"sunset":null}}]}
F008,甲武信ヶ岳,2026-07-08,{"hourly":[{"weather":[[3,15.8,0,0,4.3,null],[3,15.6,0,0,4.3,null],[1,15.7,0,0,4.3,null],[1,16.6,0,0,0.8,null],[1,19.5,0,0,1.9,null],[1,22.3,0,0,6.2,null],[1,23.9,0,2,8.1,null],[1,24.8,0,41,6,null],[1,23.2,0,64,5.4,null],[1,21.1,0,59,3.8,null],[1,19.1,0,19,1,null],[1,18.1,0,0,2.6,null]],"oneday":{"avg":null,"sunrise":null,"sunset":null},"tide":[]},{"weather":[[1,17.5,0,0,4.7,null],[1,17.3,0,0,4.4,null],[1,17.3,0,0,4.2,null],[1,18,0,0,0,null],[1,21.1,0,0,2.2,null],[1,23.3,0,1,6.5,null],[0,25.3,0,14,7.4,null],[1,26.1,0,67,5.4,null],[53,23.9,0.8,95,3.2,null],[53,22.3,0.6,82,2.7,null],[2,20.2,0,26,3.8,null],[1,19.1,0,0,5.1,null]],"oneday":{"avg":null,"sunrise":null,"sunset":null},"tide":[]},{"weather":[[1,18.5,0,0,5.1,null],[0,18.1,0,0,5.2,null],[0,17.6,0,0,4.9,null],[0,18.4,0,0,1.6,null],[0,21.5,0,0,2.5,null],[1,24.4,0,8,5.8,null],[0,26.5,0,27,6.3,null],[1,27.3,0,36,6,null],[53,25,0.8,35,2.6,null],[55,22.8,1.2,24,4.8,null],[1,20.1,0,8,6.8,null],[0,19.2,0,0,5.9,null]],"oneday":{"avg":null,"sunrise":null,"sunset":null},"tide":[]}],"daily":[{"weather":[3,24.5],"tide":[],"dailyEx":{"avg":null,"wave":null,"sunrise":null,"sunset":null}},{"weather":[51,23.7],"tide":[],"dailyEx":{"avg":null,"wave":null,"sunrise":null,"sunset":null}},{"weather":[53,22.1],"tide":[],"dailyEx":{"avg":null,"wave":null,"sunrise":null,"sunset":null}},{"weather":[51,26.2],"tide":[],"dailyEx":{"avg":null,"wave":null,"sunrise":null,"sunset":null}},{"weather":[1,27.4],"tide":[],"dailyEx":{"avg":null,"wave":null,"sunrise":null,"sunset":null}}]}
F009,高原山,2026-07-08,{"hourly":[{"weather":[[3,12.3,0,16,5.1,null],[3,12.1,0,5,4.7,null],[3,12.1,0,0,3.6,null],[1,12.8,0,0,2.2,null],[1,14.5,0,0,4,null],[2,15.8,0,5,4.5,null],[2,17,0,24,5.5,null],[2,17.2,0,76,5.1,null],[1,17.1,0,84,4.3,null],[1,16,0,43,3.6,null],[1,14.7,0,11,4.2,null],[1,13.3,0,0,4,null]],"oneday":{"avg":null,"sunrise":null,"sunset":null},"tide":[]},{"weather":[[2,13.2,0,0,3.6,null],[3,13.2,0,0,3.4,null],[1,13,0,0,0.4,null],[1,14.8,0,0,0.8,null],[1,18.1,0,0,1.3,null],[1,20,0,1,2.2,null],[1,20.3,0,10,4.7,null],[1,20.7,0,52,5.7,null],[1,20.2,0,74,4.8,null],[1,18.8,0,65,3.8,null],[1,16.5,0,30,4.1,null],[1,15.3,0,7,3.3,null]],"oneday":{"avg":null,"sunrise":null,"sunset":null},"tide":[]},{"weather":[[1,14.9,0,2,3.1,null],[0,14.9,0,0,1.8,null],[0,15.4,0,0,0.4,null],[0,16.8,0,0,5.1,null],[0,20.6,0,0,2.4,null],[1,22.3,0,14,0.8,null],[1,22.8,0,51,3.5,null],[1,22.7,0,77,5.4,null],[1,22.4,0,78,5.1,null],[1,20.6,0,55,4,null],[1,18.3,0,17,5.3,null],[0,16.6,0,0,5.2,null]],"oneday":{"avg":null,"sunrise":null,"sunset":null},"tide":[]}],"daily":[{"weather":[95,22],"tide":[],"dailyEx":{"avg":null,"wave":null,"sunrise":null,"sunset":null}},{"weather":[51,21],"tide":[],"dailyEx":{"avg":null,"wave":null,"sunrise":null,"sunset":null}},{"weather":[96,19.9],"tide":[],"dailyEx":{"avg":null,"wave":null,"sunrise":null,"sunset":null}},{"weather":[51,23],"tide":[],"dailyEx":{"avg":null,"wave":null,"sunrise":null,"sunset":null}},{"weather":[3,23.7],"tide":[],"dailyEx":{"avg":null,"wave":null,"sunrise":null,"sunset":null}}]}
F010,高崎,2026-07-08,{"hourly":[{"weather":[[1,21.8,0,2,4.8,null],[2,21.1,0,2,3.1,null],[1,20.6,0,2,2.2,null],[1,20.7,0,2,2.8,null],[1,22.5,0,9,4.8,null],[1,24.7,0,12,6.6,null],[1,26.7,0,10,8.4,null],[1,28.1,0,4,8.8,null],[1,28.5,0,1,8.3,null],[1,27.8,0,0,5.1,null],[1,25.5,0,0,5,null],[1,24.1,0,0,7.3,null]],"oneday":{"avg":null,"sunrise":null,"sunset":null},"tide":[]},{"weather":[[2,22.9,0,0,4.8,null],[2,22,0,0,3.7,null],[0,21.2,0,0,2.2,null],[1,21.3,0,0,1.1,null],[1,23.5,0,0,2.2,null],[1,26.5,0,0,3.9,null],[0,29.5,0,0,6.9,null],[0,31.2,0,0,9.9,null],[0,31.6,0,0,11.2,null],[1,29.8,0,0,10.2,null],[1,27.4,0,0,7.4,null],[1,25.6,0,0,6.2,null]],"oneday":{"avg":null,"sunrise":null,"sunset":null},"tide":[]},{"weather":[[1,24.3,0,0,5,null],[1,23.3,0,0,1.3,null],[0,22.5,0,0,2,null],[0,22.6,0,0,2.6,null],[0,24.9,0,0,3.4,null],[0,28.4,0,0,5.2,null],[0,31.4,0,0,7.4,null],[0,33.4,0,0,11.6,null],[0,33.3,0,0,13.4,null],[0,30.9,0,0,11,null],[1,27.6,0,0,8.5,null],[1,25.6,0,0,7,null]],"oneday":{"avg":null,"sunrise":null,"sunset":null},"tide":[]}],"daily":[{"weather":[3,31.4],"tide":[],"dailyEx":{"avg":null,"wave":null,"sunrise":null,"sunset":null}},{"weather":[51,30.7],"tide":[],"dailyEx":{"avg":null,"wave":null,"sunrise":null,"sunset":null}},{"weather":[95,30.8],"tide":[],"dailyEx":{"avg":null,"wave":null,"sunrise":null,"sunset":null}},{"weather":[3,34.8],"tide":[],"dailyEx":{"avg":null,"wave":null,"sunrise":null,"sunset":null}},{"weather":[3,35.2],"tide":[],"dailyEx":{"avg":null,"wave":null,"sunrise":null,"sunset":null}}]}
F011,三本槍岳,2026-07-08,{"hourly":[{"weather":[[3,14,0,16,6,null],[3,13.9,0,5,5.6,null],[3,13.9,0,0,4.1,null],[1,15,0,0,1.8,null],[1,17.2,0,0,2.9,null],[1,18.7,0,5,4.4,null],[1,18.8,0,24,5.4,null],[2,18.5,0,76,5.8,null],[1,18.6,0,84,4.8,null],[2,17.5,0,43,4,null],[2,16.2,0,11,2.9,null],[3,15.5,0,0,2.5,null]],"oneday":{"avg":null,"sunrise":null,"sunset":null},"tide":[]},{"weather":[[3,15.1,0,0,1.5,null],[2,15.2,0,0,2.5,null],[0,15.5,0,0,2,null],[1,18,0,0,3.6,null],[1,21.1,0,0,3.3,null],[1,22.2,0,1,4.2,null],[2,22.6,0,10,1.6,null],[51,21.9,0.1,52,3.9,null],[51,20.5,0.3,74,4.1,null],[1,19.8,0,65,4.6,null],[2,18.2,0,30,5,null],[1,17.6,0,7,3.6,null]],"oneday":{"avg":null,"sunrise":null,"sunset":null},"tide":[]},{"weather":[[0,16.6,0,2,3,null],[0,16.8,0,0,1.5,null],[0,16.2,0,0,4.7,null],[0,19.2,0,0,5.5,null],[0,22,0,0,6.6,null],[1,23.1,0,14,6,null],[1,25,0,51,5.2,null],[1,25.1,0,77,3.1,null],[51,23.3,0.2,78,4.1,null],[1,21.8,0,55,4.8,null],[1,19.1,0,17,6,null],[0,18.1,0,0,4.7,null]],"oneday":{"avg":null,"sunrise":null,"sunset":null},"tide":[]}],"daily":[{"weather":[95,24.9],"tide":[],"dailyEx":{"avg":null,"wave":null,"sunrise":null,"sunset":null}},{"weather":[51,22.1],"tide":[],"dailyEx":{"avg":null,"wave":null,"sunrise":null,"sunset":null}},{"weather":[96,20.7],"tide":[],"dailyEx":{"avg":null,"wave":null,"sunrise":null,"sunset":null}},{"weather":[51,23.3],"tide":[],"dailyEx":{"avg":null,"wave":null,"sunrise":null,"sunset":null}},{"weather":[3,26.5],"tide":[],"dailyEx":{"avg":null,"wave":null,"sunrise":null,"sunset":null}}]}
F012,山中湖,2026-07-08,{"hourly":[{"weather":[[1,15.5,0,6,2.6,null],[1,15.9,0,1,4.4,null],[1,16.3,0,0,4.7,null],[1,16.7,0,0,2.6,null],[1,17.6,0,0,3.5,null],[1,18.8,0,0,5.1,null],[1,21.4,0,0,5.1,null],[1,21.7,0,5,6.9,null],[1,20.9,0,5,5.4,null],[1,18.7,0,0,5.2,null],[1,17.4,0,0,1.1,null],[0,17.4,0,0,1,null]],"oneday":{"avg":null,"sunrise":null,"sunset":null},"tide":[]},{"weather":[[0,17.4,0,0,1.3,null],[0,16.7,0,0,3.1,null],[0,17.4,0,0,1.1,null],[0,17.4,0,0,1.3,null],[0,20.7,0,0,2.4,null],[1,22.8,0,0,6.4,null],[0,24.5,0,0,7.4,null],[1,24.3,0,3,7.4,null],[1,22.8,0,4,6.2,null],[1,20.2,0,2,4.7,null],[0,18.8,0,1,2.3,null],[1,18.9,0,0,4.7,null]],"oneday":{"avg":null,"sunrise":null,"sunset":null},"tide":[]},{"weather":[[0,19.3,0,0,5.5,null],[0,19.2,0,0,5.2,null],[0,19,0,0,5.5,null],[0,19.3,0,0,3.7,null],[0,22.5,0,0,2.3,null],[0,24.5,0,0,5.6,null],[0,25.9,0,2,7.4,null],[0,25.5,0,12,8.2,null],[0,23.4,0,11,6.6,null],[0,20.9,0,0,4.8,null],[0,19.5,0,0,3.8,null],[0,19.8,0,0,5.2,null]],"oneday":{"avg":null,"sunrise":null,"sunset":null},"tide":[]}],"daily":[{"weather":[3,25.2],"tide":[],"dailyEx":{"avg":null,"wave":null,"sunrise":null,"sunset":null}},{"weather":[95,24.9],"tide":[],"dailyEx":{"avg":null,"wave":null,"sunrise":null,"sunset":null}},{"weather":[96,24.1],"tide":[],"dailyEx":{"avg":null,"wave":null,"sunrise":null,"sunset":null}},{"weather":[3,27.4],"tide":[],"dailyEx":{"avg":null,"wave":null,"sunrise":null,"sunset":null}},{"weather":[95,28.2],"tide":[],"dailyEx":{"avg":null,"wave":null,"sunrise":null,"sunset":null}}]}
F013,榛名山,2026-07-08,{"hourly":[{"weather":[[2.38,18.43,0,0,3.02,null],[2,17.77,0,3.08,2.64,null],[1.38,17.63,0,3.08,2.72,null],[2,18.24,0,0,1.13,null],[1,20.73,0,0,2.61,null],[1,22.89,0,0,6.71,null],[1.38,23.86,0,1.23,8.18,null],[1,24.6,0,9.86,8.25,null],[1.62,24.09,0,14.8,7.14,null],[1,22.66,0,13.56,5.28,null],[1,21.15,0,3.7,2.36,null],[1.38,20.43,0,1.23,2.76,null]],"oneday":{"avg":null,"sunrise":null,"sunset":null},"tide":[]},{"weather":[[1,19.7,0,6.16,3.05,null],[1,19.39,0,1.85,2.08,null],[1,18.96,0,0,3.33,null],[1,19.74,0,0,1.23,null],[1,22.44,0,0,2.14,null],[1,25.53,0,2.47,4.58,null],[1,27.3,0,11.1,7.57,null],[0.62,28.09,0,31.97,8.59,null],[0.62,27.48,0,44.07,8.12,null],[1.62,25.51,0,40.37,5.9,null],[1.62,23.66,0,13.25,4.71,null],[1,22.4,0,1.15,3.13,null]],"oneday":{"avg":null,"sunrise":null,"sunset":null},"tide":[]},{"weather":[[1,21.3,0,0,3.38,null],[0.62,20.76,0,0,3.13,null],[0,20.21,0,0,3.35,null],[0,21.06,0,0,1,null],[0,24.72,0,0,2.02,null],[0.38,28.04,0,1,4.18,null],[0.38,29.64,0,6.93,8.5,null],[0,30.26,0,25.81,9.89,null],[0.62,29.54,0,34.97,8.98,null],[1.62,27.14,0,29.58,7.27,null],[1,24.66,0,11.4,4.63,null],[1,23.24,0,0.38,3.02,null]],"oneday":{"avg":null,"sunrise":null,"sunset":null},"tide":[]}],"daily":[{"weather":[3,28.8],"tide":[],"dailyEx":{"avg":null,"wave":null,"sunrise":null,"sunset":null}},{"weather":[52.23,27.3],"tide":[],"dailyEx":{"avg":null,"wave":null,"sunrise":null,"sunset":null}},{"weather":[79.66,25.8],"tide":[],"dailyEx":{"avg":null,"wave":null,"sunrise":null,"sunset":null}},{"weather":[3,29.59],"tide":[],"dailyEx":{"avg":null,"wave":null,"sunrise":null,"sunset":null}},{"weather":[31.82,31.27],"tide":[],"dailyEx":{"avg":null,"wave":null,"sunrise":null,"sunset":null}}]}
F014,水上,2026-07-08,{"hourly":[{"weather":[[2,20,0,0,1.1,null],[2,19.3,0,5,1.6,null],[1,18.9,0,5,1.8,null],[2,19.2,0,0,0.4,null],[1,21.5,0,0,2.3,null],[1,24,0,0,6.9,null],[1,25.2,0,2,8.6,null],[1,26.1,0,16,8.4,null],[2,25.7,0,24,7.1,null],[1,24.5,0,22,4.7,null],[1,22.8,0,6,0.4,null],[1,22,0,2,1.3,null]],"oneday":{"avg":null,"sunrise":null,"sunset":null},"tide":[]},{"weather":[[1,21.2,0,10,2.4,null],[1,20.5,0,3,0.7,null],[1,19.8,0,0,2.6,null],[1,20.2,0,0,0.5,null],[1,22.9,0,0,2.1,null],[1,26.6,0,4,5,null],[1,28.6,0,18,8.8,null],[1,29.7,0,50,9.2,null],[1,29.4,0,69,8,null],[2,27.5,0,63,4.9,null],[2,25.5,0,19,3.6,null],[1,23.9,0,0,1.6,null]],"oneday":{"avg":null,"sunrise":null,"sunset":null},"tide":[]},{"weather":[[1,22.6,0,0,2.5,null],[1,21.8,0,0,2.4,null],[0,20.9,0,0,2.2,null],[0,21.6,0,0,0,null],[0,25.6,0,0,2.4,null],[0,29.8,0,1,4.3,null],[0,31.4,0,10,9.8,null],[0,32.1,0,40,11,null],[1,31.5,0,53,9.4,null],[2,29.1,0,43,6.5,null],[1,26.5,0,16,3.1,null],[1,24.7,0,0,0.8,null]],"oneday":{"avg":null,"sunrise":null,"sunset":null},"tide":[]}],"daily":[{"weather":[3,30.1],"tide":[],"dailyEx":{"avg":null,"wave":null,"sunrise":null,"sunset":null}},{"weather":[53,28.6],"tide":[],"dailyEx":{"avg":null,"wave":null,"sunrise":null,"sunset":null}},{"weather":[95,28.1],"tide":[],"dailyEx":{"avg":null,"wave":null,"sunrise":null,"sunset":null}},{"weather":[3,30.7],"tide":[],"dailyEx":{"avg":null,"wave":null,"sunrise":null,"sunset":null}},{"weather":[51,32.8],"tide":[],"dailyEx":{"avg":null,"wave":null,"sunrise":null,"sunset":null}}]}
F015,西御荷鉾山,2026-07-08,{"hourly":[{"weather":[[2.11,18.47,0,0.89,4.52,null],[2.56,18.05,0,0.89,3.77,null],[1,17.88,0,0.89,3.37,null],[1,18.42,0,0.89,1.69,null],[1,20.83,0,4,3.19,null],[1,23.37,0,5.33,6.38,null],[1,25.14,0,5.56,8.23,null],[1,26.27,0,24.55,7.24,null],[1,25.56,0,35.99,6.69,null],[1,24.08,0,32.77,4.38,null],[1,21.95,0,10.55,2.78,null],[1,20.77,0,0,4.69,null]],"oneday":{"avg":null,"sunrise":null,"sunset":null},"tide":[]},{"weather":[[1.44,19.9,0,0,4.74,null],[1.44,19.39,0,0,4.09,null],[0.56,19.03,0,0,3.31,null],[1,19.47,0,0,0.49,null],[1,22.17,0,0,2.2,null],[1,24.72,0,0.56,5.34,null],[0,27.17,0,7.78,7.18,null],[0.56,28.37,0,37.21,7.4,null],[29.44,27.32,0.44,52.77,6.76,null],[29.88,25.63,0.33,45.55,6.03,null],[1.56,23.4,0,14.44,5.4,null],[1,21.99,0,0,5.59,null]],"oneday":{"avg":null,"sunrise":null,"sunset":null},"tide":[]},{"weather":[[1,21.08,0,0,5.06,null],[0.44,20.41,0,0,3.47,null],[0,19.78,0,0,3.61,null],[0,20.27,0,0,2.04,null],[0,23.01,0,0,2.9,null],[0.56,26.18,0,4.44,5.53,null],[0,28.68,0,15,6.79,null],[0.56,30.01,0,20,8.49,null],[29.44,28.69,0.44,19.44,7.4,null],[30.55,26.4,0.67,13.33,7.56,null],[1,23.43,0,4.44,7.56,null],[0.44,22.05,0,0,6.39,null]],"oneday":{"avg":null,"sunrise":null,"sunset":null},"tide":[]}],"daily":[{"weather":[3,27.57],"tide":[],"dailyEx":{"avg":null,"wave":null,"sunrise":null,"sunset":null}},{"weather":[51,26.81],"tide":[],"dailyEx":{"avg":null,"wave":null,"sunrise":null,"sunset":null}},{"weather":[71.67,25.97],"tide":[],"dailyEx":{"avg":null,"wave":null,"sunrise":null,"sunset":null}},{"weather":[29.66,30.02],"tide":[],"dailyEx":{"avg":null,"wave":null,"sunrise":null,"sunset":null}},{"weather":[1.89,30.87],"tide":[],"dailyEx":{"avg":null,"wave":null,"sunrise":null,"sunset":null}}]}
F016,千葉内陸,2026-07-08,{"hourly":[{"weather":[[1,20,0,0,3.7,null],[1,19.3,0,0,4.6,null],[2,18.6,0,0,4.5,null],[0,19.9,0,0,2.3,null],[0,23.6,0,0,5.4,null],[0,25.8,0,0,9.2,null],[1,26.3,0,0,9.9,null],[1,25.9,0,0,8.7,null],[1,25.3,0,0,8.8,null],[1,23.6,0,0,7.4,null],[1,22.3,0,0,4.6,null],[1,21.5,0,0,3.9,null]],"oneday":{"avg":null,"sunrise":null,"sunset":null},"tide":[]},{"weather":[[1,20.7,0,0,4.4,null],[1,20.3,0,0,2.9,null],[0,20,0,0,3.7,null],[0,20.9,0,0,1.6,null],[0,24.1,0,1,3.2,null],[1,26.5,0,4,4.3,null],[0,27.3,0,10,9.9,null],[0,27,0,17,11,null],[0,25.8,0,15,10.7,null],[0,24,0,4,8.4,null],[0,22.7,0,1,5.5,null],[0,21.4,0,0,3.6,null]],"oneday":{"avg":null,"sunrise":null,"sunset":null},"tide":[]},{"weather":[[0,20.6,0,0,4.3,null],[0,20,0,0,5.1,null],[0,19.5,0,0,5.1,null],[0,21.2,0,0,4,null],[0,24.5,0,0,5.4,null],[0,27,0,0,6.8,null],[0,27.7,0,2,10.4,null],[0,27.4,0,15,11.5,null],[0,26.3,0,15,11.2,null],[0,24.7,0,2,8,null],[0,22.8,0,0,6.5,null],[0,21.3,0,0,4.3,null]],"oneday":{"avg":null,"sunrise":null,"sunset":null},"tide":[]}],"daily":[{"weather":[3,30.5],"tide":[],"dailyEx":{"avg":null,"wave":null,"sunrise":null,"sunset":null}},{"weather":[3,28.3],"tide":[],"dailyEx":{"avg":null,"wave":null,"sunrise":null,"sunset":null}},{"weather":[95,30.5],"tide":[],"dailyEx":{"avg":null,"wave":null,"sunrise":null,"sunset":null}},{"weather":[3,30.9],"tide":[],"dailyEx":{"avg":null,"wave":null,"sunrise":null,"sunset":null}},{"weather":[3,32],"tide":[],"dailyEx":{"avg":null,"wave":null,"sunrise":null,"sunset":null}}]}
F017,川越,2026-07-08,{"hourly":[{"weather":[[2,21.8,0,0,1.8,null],[1,21.1,0,0,2.3,null],[1,20.6,0,0,2.3,null],[1,20.9,0,0,2.4,null],[1,23,0,0,2.6,null],[1,25.4,0,0,4.2,null],[1,27.3,0,0,4.1,null],[1,28.6,0,0,5.6,null],[1,28.9,0,0,6,null],[2,27.4,0,0,6.2,null],[1,24.9,0,0,7.2,null],[1,23.7,0,0,5.6,null]],"oneday":{"avg":null,"sunrise":null,"sunset":null},"tide":[]},{"weather":[[1,22.9,0,0,3.6,null],[1,22.2,0,0,2.3,null],[1,21.5,0,0,2.6,null],[1,21.9,0,0,1.3,null],[0,24.5,0,0,5.2,null],[0,27.2,0,0,4.3,null],[0,29.3,0,0,6.8,null],[0,30.1,0,0,9,null],[1,29.8,0,0,9.3,null],[1,27.7,0,0,9.2,null],[1,25.7,0,0,7.6,null],[1,24.2,0,0,6.1,null]],"oneday":{"avg":null,"sunrise":null,"sunset":null},"tide":[]},{"weather":[[1,23.3,0,0,4.5,null],[0,22.6,0,0,2.9,null],[0,21.9,0,0,2.6,null],[0,22.4,0,0,4.1,null],[0,25.1,0,0,5.4,null],[0,28,0,0,6.2,null],[0,30.1,0,0,8.6,null],[0,31,0,0,10.7,null],[0,30.4,0,0,11.1,null],[0,28.4,0,0,9.5,null],[0,25.3,0,0,8.7,null],[0,23.8,0,0,5.8,null]],"oneday":{"avg":null,"sunrise":null,"sunset":null},"tide":[]}],"daily":[{"weather":[3,31.5],"tide":[],"dailyEx":{"avg":null,"wave":null,"sunrise":null,"sunset":null}},{"weather":[51,30.7],"tide":[],"dailyEx":{"avg":null,"wave":null,"sunrise":null,"sunset":null}},{"weather":[55,30.9],"tide":[],"dailyEx":{"avg":null,"wave":null,"sunrise":null,"sunset":null}},{"weather":[3,29.8],"tide":[],"dailyEx":{"avg":null,"wave":null,"sunrise":null,"sunset":null}},{"weather":[3,34.8],"tide":[],"dailyEx":{"avg":null,"wave":null,"sunrise":null,"sunset":null}}]}
F018,相模原,2026-07-08,{"hourly":[{"weather":[[2,21.4,0,0,2.5,null],[1,20.6,0,0,2.1,null],[1,20.1,0,0,2.6,null],[1,20.3,0,0,2.3,null],[1,22.3,0,0,1.3,null],[1,24.8,0,0,3.4,null],[1,26.6,0,0,4.2,null],[1,27.6,0,0,5.5,null],[1,27.4,0,0,6,null],[0,24.8,0,0,6.4,null],[0,22.9,0,0,5.1,null],[1,22.1,0,0,4.3,null]],"oneday":{"avg":null,"sunrise":null,"sunset":null},"tide":[]},{"weather":[[1,21.7,0,0,4,null],[1,21.2,0,0,3.3,null],[1,20.8,0,0,3,null],[0,21.4,0,0,1.8,null],[0,24.2,0,0,3.6,null],[0,27,0,0,4.7,null],[1,28.4,0,0,6.8,null],[0,28.5,0,0,8.3,null],[0,27,0,0,8.7,null],[0,24.6,0,0,8,null],[1,23,0,0,6.5,null],[1,22.6,0,0,6.1,null]],"oneday":{"avg":null,"sunrise":null,"sunset":null},"tide":[]},{"weather":[[1,22.1,0,0,4.3,null],[1,21.8,0,0,4,null],[0,21.2,0,0,2.6,null],[0,21.8,0,0,2.5,null],[0,24.7,0,0,4,null],[0,27.4,0,1,5.1,null],[0,28.9,0,4,7.6,null],[0,28.7,0,1,9.4,null],[0,26.8,0,0,9.8,null],[0,24.5,0,0,8.7,null],[0,22.9,0,0,7.6,null],[0,22.4,0,0,5.8,null]],"oneday":{"avg":null,"sunrise":null,"sunset":null},"tide":[]}],"daily":[{"weather":[3,28],"tide":[],"dailyEx":{"avg":null,"wave":null,"sunrise":null,"sunset":null}},{"weather":[3,28.6],"tide":[],"dailyEx":{"avg":null,"wave":null,"sunrise":null,"sunset":null}},{"weather":[51,31.1],"tide":[],"dailyEx":{"avg":null,"wave":null,"sunrise":null,"sunset":null}},{"weather":[3,30.9],"tide":[],"dailyEx":{"avg":null,"wave":null,"sunrise":null,"sunset":null}},{"weather":[3,32.7],"tide":[],"dailyEx":{"avg":null,"wave":null,"sunrise":null,"sunset":null}}]}
F019,相模湖,2026-07-08,{"hourly":[{"weather":[[1,20.1,0,6,2.5,null],[1,19.5,0,1,2.6,null],[1,19,0,0,2.4,null],[1,19.8,0,0,0.8,null],[1,21.8,0,0,1.6,null],[1,24.1,0,0,4.7,null],[1,26.3,0,0,5.4,null],[1,27.2,0,5,5.9,null],[1,27,0,5,5.5,null],[0,24.9,0,0,3.6,null],[0,22.8,0,0,1.5,null],[1,21.6,0,0,2.2,null]],"oneday":{"avg":null,"sunrise":null,"sunset":null},"tide":[]},{"weather":[[1,20.9,0,0,3.6,null],[1,20.5,0,0,2.9,null],[0,20,0,0,4.6,null],[0,20.9,0,0,1.5,null],[0,24.4,0,0,1.5,null],[0,27.3,0,0,4.7,null],[0,29.3,0,0,6.1,null],[0,29.8,0,3,6.5,null],[0,28.7,0,4,6.1,null],[0,26,0,2,2.9,null],[1,24,0,1,1.4,null],[1,22.8,0,0,0.5,null]],"oneday":{"avg":null,"sunrise":null,"sunset":null},"tide":[]},{"weather":[[1,22.3,0,0,0.8,null],[1,22,0,0,0.4,null],[0,21.7,0,0,0.8,null],[0,22.1,0,0,1.1,null],[0,25.5,0,0,1.1,null],[0,28.6,0,0,4.7,null],[0,30.7,0,2,6.2,null],[0,31.1,0,12,7.3,null],[0,29.8,0,11,6.6,null],[0,26.8,0,0,2.3,null],[0,24.6,0,0,1.5,null],[0,22.8,0,0,0.7,null]],"oneday":{"avg":null,"sunrise":null,"sunset":null},"tide":[]}],"daily":[{"weather":[3,29.8],"tide":[],"dailyEx":{"avg":null,"wave":null,"sunrise":null,"sunset":null}},{"weather":[51,29.2],"tide":[],"dailyEx":{"avg":null,"wave":null,"sunrise":null,"sunset":null}},{"weather":[51,30.5],"tide":[],"dailyEx":{"avg":null,"wave":null,"sunrise":null,"sunset":null}},{"weather":[3,31.8],"tide":[],"dailyEx":{"avg":null,"wave":null,"sunrise":null,"sunset":null}},{"weather":[3,33.9],"tide":[],"dailyEx":{"avg":null,"wave":null,"sunrise":null,"sunset":null}}]}
F020,足利銅山,2026-07-08,{"hourly":[{"weather":[[2.2,16.88,0,2,4.44,null],[2.6,16.66,0,1.4,3.16,null],[1,16.46,0,0.8,4.42,null],[1.6,17.64,0,0.8,3.16,null],[1,19.74,0,3.6,3.42,null],[1.6,20.2,0,21.6,5.52,null],[31,20.64,0.06,61.6,6.48,null],[31,20.96,0.06,61.6,6.64,null],[2.2,21.3,0,60.4,5.54,null],[2.2,20.84,0,58.8,3.9,null],[2.2,19.74,0,31.2,2.9,null],[2.2,18.94,0,9,5.38,null]],"oneday":{"avg":null,"sunrise":null,"sunset":null},"tide":[]},{"weather":[[1.4,18.46,0,0,4.92,null],[1.4,18.04,0,0,4.72,null],[0.6,17.6,0,0,4.18,null],[1,18.6,0,0,3.38,null],[1,21.52,0,0,2.02,null],[1.6,22.96,0,15,3.96,null],[30.6,24.1,0.06,51.6,5.76,null],[36.6,24.12,1.02,59.4,7.56,null],[36.6,23.86,0.78,60,8.26,null],[33.4,22.66,0.72,58.8,6.42,null],[2.2,21.22,0,28.8,4.52,null],[2.2,20.32,0,7.2,3.86,null]],"oneday":{"avg":null,"sunrise":null,"sunset":null},"tide":[]},{"weather":[[1,19.68,0,0,5.24,null],[1,19.34,0,0,4,null],[0,18.84,0,0,5.06,null],[0,19.36,0,0,4.7,null],[0,22.5,0,0,1.6,null],[0.6,25.28,0,13.2,5.38,null],[30.6,26.3,0.06,45,5.9,null],[36.6,26.02,0.96,54.6,6.98,null],[33,25.44,0.66,58.8,8.54,null],[31.8,23.76,0.42,56.4,7.16,null],[1.6,21.78,0,22.2,5.02,null],[1,20.56,0,1.2,5.38,null]],"oneday":{"avg":null,"sunrise":null,"sunset":null},"tide":[]}],"daily":[{"weather":[58.2,25.52],"tide":[],"dailyEx":{"avg":null,"wave":null,"sunrise":null,"sunset":null}},{"weather":[77.4,24.7],"tide":[],"dailyEx":{"avg":null,"wave":null,"sunrise":null,"sunset":null}},{"weather":[95.6,24.86],"tide":[],"dailyEx":{"avg":null,"wave":null,"sunrise":null,"sunset":null}},{"weather":[31.8,27.84],"tide":[],"dailyEx":{"avg":null,"wave":null,"sunrise":null,"sunset":null}},{"weather":[31.8,28.18],"tide":[],"dailyEx":{"avg":null,"wave":null,"sunrise":null,"sunset":null}}]}
F021,滝川渓谷,2026-07-08,{"hourly":[{"weather":[[2,19,0,0,1.4,null],[2,18.4,0,0,2.6,null],[0,17.9,0,0,3.5,null],[1,19.3,0,0,1.8,null],[1,21.9,0,0,4.2,null],[2,23.9,0,1,5,null],[1,24.9,0,4,5.8,null],[1,25.4,0,6,5.1,null],[1,25.2,0,4,4.7,null],[1,23,0,0,4.3,null],[1,20.7,0,0,3.2,null],[2,19.9,0,0,3.3,null]],"oneday":{"avg":null,"sunrise":null,"sunset":null},"tide":[]},{"weather":[[2,20,0,0,4.4,null],[2,19.9,0,0,4.3,null],[2,19.8,0,0,3.8,null],[3,20.2,0,0,3.3,null],[1,22.6,0,0,3.9,null],[1,25.2,0,0,4.1,null],[1,27.6,0,0,4.1,null],[1,28.7,0,19,5,null],[1,27.3,0,19,6.9,null],[1,24.5,0,2,4.7,null],[1,22.5,0,0,3.8,null],[1,21.2,0,0,3,null]],"oneday":{"avg":null,"sunrise":null,"sunset":null},"tide":[]},{"weather":[[1,20.6,0,0,3.1,null],[1,20.2,0,0,3.6,null],[0,20,0,0,4.4,null],[0,21.2,0,0,2.6,null],[0,23.8,0,0,3.6,null],[0,27.2,0,2,3.8,null],[0,30.1,0,8,3.1,null],[0,31.6,0,16,6.1,null],[1,29.1,0,15,6.8,null],[1,26.3,0,6,4.5,null],[1,24,0,1,3.6,null],[1,22.6,0,0,3.1,null]],"oneday":{"avg":null,"sunrise":null,"sunset":null},"tide":[]}],"daily":[{"weather":[96,31.4],"tide":[],"dailyEx":{"avg":null,"wave":null,"sunrise":null,"sunset":null}},{"weather":[95,29],"tide":[],"dailyEx":{"avg":null,"wave":null,"sunrise":null,"sunset":null}},{"weather":[96,27.2],"tide":[],"dailyEx":{"avg":null,"wave":null,"sunrise":null,"sunset":null}},{"weather":[3,30.7],"tide":[],"dailyEx":{"avg":null,"wave":null,"sunrise":null,"sunset":null}},{"weather":[3,32.2],"tide":[],"dailyEx":{"avg":null,"wave":null,"sunrise":null,"sunset":null}}]}
F022,丹沢山,2026-07-08,{"hourly":[{"weather":[[1,11.3,0,0,1.5,null],[1,11.3,0,0,1.6,null],[1,11.1,0,0,1.1,null],[1,11.8,0,0,1.3,null],[1,14.2,0,3,2.4,null],[2,15.6,0,6,2.5,null],[2,17,0,8,4,null],[1,17.9,0,6,3.8,null],[2,17.4,0,3,2.9,null],[1,15.7,0,0,3.4,null],[0,13.7,0,0,3.1,null],[0,13.1,0,0,3.8,null]],"oneday":{"avg":null,"sunrise":null,"sunset":null},"tide":[]},{"weather":[[1,12.8,0,0,4,null],[0,12.6,0,0,3.6,null],[0,12.7,0,0,3.4,null],[0,13.5,0,0,3,null],[0,16.8,0,0,0.5,null],[1,19,0,0,2.2,null],[1,20.1,0,0,2.6,null],[1,20.5,0,0,2.6,null],[0,19.6,0,0,4.7,null],[0,16.8,0,0,4.9,null],[0,15.1,0,0,4.2,null],[1,14.9,0,0,4,null]],"oneday":{"avg":null,"sunrise":null,"sunset":null},"tide":[]},{"weather":[[1,15.2,0,0,2.8,null],[0,15.1,0,0,2.8,null],[0,15.2,0,0,1.4,null],[0,15.1,0,0,2.5,null],[0,18.4,0,0,2.1,null],[1,20.5,0,0,2.9,null],[1,21.7,0,0,3,null],[1,21.9,0,0,3.1,null],[0,20.6,0,0,4.7,null],[0,17.7,0,0,5,null],[0,16,0,0,5.3,null],[0,15.9,0,0,3.6,null]],"oneday":{"avg":null,"sunrise":null,"sunset":null},"tide":[]}],"daily":[{"weather":[3,20.2],"tide":[],"dailyEx":{"avg":null,"wave":null,"sunrise":null,"sunset":null}},{"weather":[51,21.2],"tide":[],"dailyEx":{"avg":null,"wave":null,"sunrise":null,"sunset":null}},{"weather":[51,21.5],"tide":[],"dailyEx":{"avg":null,"wave":null,"sunrise":null,"sunset":null}},{"weather":[3,22.7],"tide":[],"dailyEx":{"avg":null,"wave":null,"sunrise":null,"sunset":null}},{"weather":[95,24.1],"tide":[],"dailyEx":{"avg":null,"wave":null,"sunrise":null,"sunset":null}}]}
F023,筑波山,2026-07-08,{"hourly":[{"weather":[[2,19.4,0,0,3.2,null],[2,19.1,0,0,3.7,null],[0,18.4,0,0,3.9,null],[0,19.5,0,0,2.7,null],[1,22.1,0,0,3.7,null],[1,23.9,0,0,5.4,null],[1,25.3,0,0,5.9,null],[1,26.1,0,2,6.1,null],[1,25.3,0,2,7.4,null],[1,23,0,0,6.6,null],[1,21.3,0,0,5.5,null],[1,20.7,0,0,3.6,null]],"oneday":{"avg":null,"sunrise":null,"sunset":null},"tide":[]},{"weather":[[1,20.1,0,0,3.3,null],[1,19.8,0,0,2.3,null],[0,19.4,0,0,2.1,null],[0,20.3,0,0,1.1,null],[0,22.8,0,0,4.7,null],[1,25.3,0,0,4.2,null],[1,27.4,0,0,4.8,null],[1,28.7,0,0,5.4,null],[1,28.1,0,1,7.6,null],[1,25.6,0,2,7.1,null],[1,23.2,0,1,5.7,null],[1,21.9,0,0,3.2,null]],"oneday":{"avg":null,"sunrise":null,"sunset":null},"tide":[]},{"weather":[[1,21.2,0,0,2.5,null],[0,20.5,0,0,3.2,null],[0,20.1,0,0,1.9,null],[0,20.7,0,0,2.5,null],[0,23.4,0,0,4.6,null],[0,26.3,0,0,4.8,null],[0,28.9,0,0,4.6,null],[0,30.4,0,2,6.9,null],[0,30,0,2,8.4,null],[1,27.1,0,0,7.1,null],[0,24.5,0,0,6.6,null],[0,22.6,0,0,5.7,null]],"oneday":{"avg":null,"sunrise":null,"sunset":null},"tide":[]}],"daily":[{"weather":[3,28.6],"tide":[],"dailyEx":{"avg":null,"wave":null,"sunrise":null,"sunset":null}},{"weather":[51,28.4],"tide":[],"dailyEx":{"avg":null,"wave":null,"sunrise":null,"sunset":null}},{"weather":[95,28.9],"tide":[],"dailyEx":{"avg":null,"wave":null,"sunrise":null,"sunset":null}},{"weather":[3,27.9],"tide":[],"dailyEx":{"avg":null,"wave":null,"sunrise":null,"sunset":null}},{"weather":[3,31.1],"tide":[],"dailyEx":{"avg":null,"wave":null,"sunrise":null,"sunset":null}}]}
F024,秩父,2026-07-08,{"hourly":[{"weather":[[1,20.2,0,0,1.8,null],[1,19.7,0,0,2.6,null],[1,19.5,0,0,1.4,null],[1,19.8,0,0,2.3,null],[1,21.8,0,0,2,null],[1,24.9,0,0,4.9,null],[1,26.7,0,0,5.6,null],[1,28,0,0,6.3,null],[1,27.9,0,0,5.8,null],[1,26.1,0,0,4,null],[1,24,0,0,1.3,null],[0,22.4,0,0,3.7,null]],"oneday":{"avg":null,"sunrise":null,"sunset":null},"tide":[]},{"weather":[[1,21.3,0,0,3.4,null],[1,20.7,0,0,2.5,null],[1,20.4,0,0,2.6,null],[0,20.8,0,0,1.8,null],[0,23.9,0,0,3.2,null],[1,27.3,0,0,2.9,null],[0,30,0,0,4.6,null],[0,31.4,0,0,6.5,null],[0,31,0,1,7.9,null],[0,28.1,0,2,6.2,null],[1,25.4,0,1,1.9,null],[1,24,0,0,1.5,null]],"oneday":{"avg":null,"sunrise":null,"sunset":null},"tide":[]},{"weather":[[1,23.1,0,0,1.8,null],[0,22.4,0,0,2.3,null],[0,21.8,0,0,2.5,null],[0,22.4,0,0,1.8,null],[0,25.7,0,0,1.6,null],[0,29.3,0,2,3.2,null],[0,32.1,0,8,4.3,null],[0,33.3,0,17,7.9,null],[0,32.4,0,14,8.9,null],[0,29.1,0,2,6.2,null],[0,26.3,0,0,0.8,null],[0,24.8,0,0,1.8,null]],"oneday":{"avg":null,"sunrise":null,"sunset":null},"tide":[]}],"daily":[{"weather":[3,31.3],"tide":[],"dailyEx":{"avg":null,"wave":null,"sunrise":null,"sunset":null}},{"weather":[95,29.6],"tide":[],"dailyEx":{"avg":null,"wave":null,"sunrise":null,"sunset":null}},{"weather":[51,29.8],"tide":[],"dailyEx":{"avg":null,"wave":null,"sunrise":null,"sunset":null}},{"weather":[3,33],"tide":[],"dailyEx":{"avg":null,"wave":null,"sunrise":null,"sunset":null}},{"weather":[51,33.9],"tide":[],"dailyEx":{"avg":null,"wave":null,"sunrise":null,"sunset":null}}]}
F025,那須,2026-07-08,{"hourly":[{"weather":[[3,19.2,0,20,4.4,null],[2,18.8,0,16,3.9,null],[1,18.2,0,9,3.1,null],[1,18.5,0,4,2.9,null],[1,20.4,0,26,6.9,null],[2,22.3,0,35,8.3,null],[2,23.7,0,24,7.3,null],[1,24.6,0,12,7.3,null],[1,24.9,0,8,6.6,null],[2,23.9,0,10,5.8,null],[1,21.5,0,6,5.6,null],[1,20,0,2,5.2,null]],"oneday":{"avg":null,"sunrise":null,"sunset":null},"tide":[]},{"weather":[[1,19.1,0,0,3.9,null],[3,18.8,0,0,4.8,null],[3,18.8,0,0,4.9,null],[3,19,0,0,5.9,null],[1,21.2,0,0,6.2,null],[1,23.8,0,4,5.1,null],[1,26.3,0,16,4.7,null],[1,27.7,0,38,5.1,null],[1,28,0,45,6.2,null],[1,26.5,0,35,6.8,null],[1,23.3,0,29,6.5,null],[1,21.5,0,19,4.4,null]],"oneday":{"avg":null,"sunrise":null,"sunset":null},"tide":[]},{"weather":[[0,20.3,0,8,3.7,null],[0,19.3,0,3,2.8,null],[0,18.7,0,1,3.7,null],[1,19.5,0,0,2.5,null],[0,22.4,0,0,5,null],[0,26,0,9,4.7,null],[0,29,0,31,5.1,null],[0,31,0,45,5.4,null],[1,31,0,43,7.8,null],[1,27.5,0,27,8,null],[1,25,0,10,5.6,null],[1,23.1,0,1,4.6,null]],"oneday":{"avg":null,"sunrise":null,"sunset":null},"tide":[]}],"daily":[{"weather":[3,28.8],"tide":[],"dailyEx":{"avg":null,"wave":null,"sunrise":null,"sunset":null}},{"weather":[53,26],"tide":[],"dailyEx":{"avg":null,"wave":null,"sunrise":null,"sunset":null}},{"weather":[96,26.6],"tide":[],"dailyEx":{"avg":null,"wave":null,"sunrise":null,"sunset":null}},{"weather":[51,31.8],"tide":[],"dailyEx":{"avg":null,"wave":null,"sunrise":null,"sunset":null}},{"weather":[3,30.6],"tide":[],"dailyEx":{"avg":null,"wave":null,"sunrise":null,"sunset":null}}]}
F026,南房総,2026-07-08,{"hourly":[{"weather":[[1,19.9,0,0,3.1,null],[1,19.5,0,0,3.8,null],[1,18.9,0,0,4,null],[0,20.1,0,0,2.7,null],[0,23.4,0,1,4.5,null],[0,25.7,0,3,5.9,null],[1,27,0,4,5.8,null],[2,26.7,0,3,2.4,null],[2,25.2,0,3,5.1,null],[1,23.8,0,4,3.9,null],[1,21.9,0,1,2.8,null],[0,21.1,0,0,3.8,null]],"oneday":{"avg":null,"sunrise":null,"sunset":null},"tide":[]},{"weather":[[0,20.4,0,0,3.9,null],[0,19.8,0,0,2.9,null],[0,19.4,0,0,5.3,null],[0,20.7,0,0,1.3,null],[0,24.1,0,1,1.1,null],[1,26.4,0,10,1.8,null],[2,27.2,0,27,5.1,null],[1,26.9,0,54,6.6,null],[0,25.8,0,46,6.8,null],[0,23.6,0,6,5.4,null],[0,21.9,0,0,3.1,null],[0,20.9,0,0,4,null]],"oneday":{"avg":null,"sunrise":null,"sunset":null},"tide":[]},{"weather":[[0,20.2,0,0,4.3,null],[0,19.8,0,0,4.9,null],[0,19.7,0,0,4.8,null],[0,21.3,0,0,3,null],[0,24.5,0,1,3,null],[0,27,0,4,2.3,null],[1,28.4,0,8,5.6,null],[0,27.6,0,7,8,null],[0,25.8,0,4,7.8,null],[0,23.5,0,0,6.2,null],[0,21.8,0,0,4,null],[0,20.6,0,0,4.3,null]],"oneday":{"avg":null,"sunrise":null,"sunset":null},"tide":[]}],"daily":[{"weather":[3,29.3],"tide":[],"dailyEx":{"avg":null,"wave":null,"sunrise":null,"sunset":null}},{"weather":[3,27.9],"tide":[],"dailyEx":{"avg":null,"wave":null,"sunrise":null,"sunset":null}},{"weather":[51,31.1],"tide":[],"dailyEx":{"avg":null,"wave":null,"sunrise":null,"sunset":null}},{"weather":[3,31.5],"tide":[],"dailyEx":{"avg":null,"wave":null,"sunrise":null,"sunset":null}},{"weather":[3,34.8],"tide":[],"dailyEx":{"avg":null,"wave":null,"sunrise":null,"sunset":null}}]}
F027,日光,2026-07-08,{"hourly":[{"weather":[[2.56,16.93,0,1.11,3.36,null],[2.56,16.68,0,0.56,3.29,null],[1,16.45,0,0,4.79,null],[1.56,17.64,0,0,3.67,null],[1,19.99,0,0,3.12,null],[1.56,20.75,0,15.56,4.27,null],[28.79,21.22,0.06,53.36,5.11,null],[28.79,21.53,0.06,55.58,5.73,null],[2.11,21.65,0,55.58,5.57,null],[2.11,20.51,0,54.47,7.05,null],[2.11,19.32,0,28.9,4.7,null],[2.11,18.7,0,8.34,4.46,null]],"oneday":{"avg":null,"sunrise":null,"sunset":null},"tide":[]},{"weather":[[1,18.3,0,0,4.2,null],[1,18.02,0,0,4.42,null],[1,17.6,0,0,4.57,null],[0.56,18.8,0,0,3.88,null],[1,21.98,0,0,4.21,null],[1.11,23.44,0,13.9,5.15,null],[28.79,24.36,0.06,47.8,5.71,null],[34.35,24.46,0.94,55.03,6.49,null],[34.35,24.21,0.72,55.58,7.59,null],[31.01,22.56,0.67,54.47,7.9,null],[2.11,21.05,0,26.68,6.11,null],[2.11,20.26,0,6.67,4.3,null]],"oneday":{"avg":null,"sunrise":null,"sunset":null},"tide":[]},{"weather":[[1,19.75,0,0,5.71,null],[0.56,19.32,0,0,5.36,null],[0,18.8,0,0,5.95,null],[0,19.38,0,0,5.17,null],[0.44,22.54,0,0,2.84,null],[0.56,25.33,0,12.23,6.3,null],[28.35,26.54,0.06,41.69,5.92,null],[33.91,26.34,0.89,50.58,6.48,null],[31.01,25.89,0.61,54.47,8.23,null],[29.46,24.2,0.39,52.25,8.64,null],[1.56,22.03,0,20.57,6.61,null],[1,20.75,0,1.11,6.74,null]],"oneday":{"avg":null,"sunrise":null,"sunset":null},"tide":[]}],"daily":[{"weather":[54.14,25.38],"tide":[],"dailyEx":{"avg":null,"wave":null,"sunrise":null,"sunset":null}},{"weather":[76.34,24.43],"tide":[],"dailyEx":{"avg":null,"wave":null,"sunrise":null,"sunset":null}},{"weather":[95.56,24.94],"tide":[],"dailyEx":{"avg":null,"wave":null,"sunrise":null,"sunset":null}},{"weather":[29.68,26.18],"tide":[],"dailyEx":{"avg":null,"wave":null,"sunrise":null,"sunset":null}},{"weather":[29.68,27.99],"tide":[],"dailyEx":{"avg":null,"wave":null,"sunrise":null,"sunset":null}}]}
F028,白根山,2026-07-08,{"hourly":[{"weather":[[3,13.6,0,2,4.2,null],[3,13.7,0,1,3.2,null],[1,13.7,0,0,5.9,null],[2,15.6,0,0,3.4,null],[1,17.9,0,0,2.5,null],[2,17.2,0,28,4.8,null],[51,16.6,0.1,96,5.2,null],[51,16.2,0.1,100,5.2,null],[3,16.5,0,100,3.7,null],[3,16.2,0,98,3.1,null],[3,15.9,0,52,1.5,null],[3,15.5,0,15,4.1,null]],"oneday":{"avg":null,"sunrise":null,"sunset":null},"tide":[]},{"weather":[[1,15.5,0,0,5,null],[1,15.4,0,0,5.4,null],[1,15.2,0,0,5.5,null],[1,16.8,0,0,4.9,null],[1,20.2,0,0,1.9,null],[2,20.6,0,25,4,null],[51,20.5,0.1,86,5,null],[61,19.4,1.7,99,6,null],[61,18.7,1.3,100,6.3,null],[55,17.9,1.2,98,3.9,null],[3,17.1,0,48,2.6,null],[3,16.8,0,12,2.3,null]],"oneday":{"avg":null,"sunrise":null,"sunset":null},"tide":[]},{"weather":[[1,16.6,0,0,5.4,null],[1,16.7,0,0,5.8,null],[0,16.4,0,0,7.1,null],[0,17.2,0,0,6.1,null],[0,20.9,0,0,0.4,null],[1,23.2,0,22,5.5,null],[51,22.9,0.1,75,4.9,null],[61,21.1,1.6,91,3.9,null],[55,20.2,1.1,98,5.3,null],[53,19,0.7,94,4.6,null],[2,17.9,0,37,2.7,null],[1,17.2,0,2,4.3,null]],"oneday":{"avg":null,"sunrise":null,"sunset":null},"tide":[]}],"daily":[{"weather":[95,21.6],"tide":[],"dailyEx":{"avg":null,"wave":null,"sunrise":null,"sunset":null}},{"weather":[95,20.7],"tide":[],"dailyEx":{"avg":null,"wave":null,"sunrise":null,"sunset":null}},{"weather":[96,20.9],"tide":[],"dailyEx":{"avg":null,"wave":null,"sunrise":null,"sunset":null}},{"weather":[51,23.2],"tide":[],"dailyEx":{"avg":null,"wave":null,"sunrise":null,"sunset":null}},{"weather":[51,23.5],"tide":[],"dailyEx":{"avg":null,"wave":null,"sunrise":null,"sunset":null}}]}
F029,箱根,2026-07-08,{"hourly":[{"weather":[[1,16.8,0,0,8,null],[1,16.9,0,0,7.7,null],[1,16.7,0,0,7.8,null],[1,17,0,0,6.9,null],[1,18.7,0,0,6.6,null],[1,20.1,0,0,6.6,null],[1,23.3,0,0,4.1,null],[1,22.9,0,2,4.4,null],[1,22.1,0,2,4,null],[1,19.8,0,0,3.6,null],[0,18.2,0,0,1.6,null],[0,17.5,0,0,3.2,null]],"oneday":{"avg":null,"sunrise":null,"sunset":null},"tide":[]},{"weather":[[0,17.2,0,0,3,null],[0,17,0,0,2.4,null],[0,16.5,0,0,3.7,null],[0,17.4,0,0,0.8,null],[0,20.2,0,0,0.8,null],[1,24.1,0,0,4.9,null],[1,25.2,0,0,5.2,null],[0,25.2,0,0,6,null],[0,23.5,0,0,5.2,null],[0,20.2,0,0,4.3,null],[0,18.9,0,0,1.1,null],[0,18.2,0,0,1,null]],"oneday":{"avg":null,"sunrise":null,"sunset":null},"tide":[]},{"weather":[[0,18,0,0,1.3,null],[0,17.6,0,0,1,null],[0,17.2,0,0,0.8,null],[0,18.1,0,0,0.5,null],[0,22.3,0,0,1.8,null],[0,25.5,0,0,4.8,null],[1,26.8,0,0,5.1,null],[0,26.1,0,0,6.2,null],[0,23.8,0,0,5.7,null],[0,19.8,0,0,6.8,null],[0,18.3,0,0,4,null],[0,18.5,0,0,1.3,null]],"oneday":{"avg":null,"sunrise":null,"sunset":null},"tide":[]}],"daily":[{"weather":[3,25.4],"tide":[],"dailyEx":{"avg":null,"wave":null,"sunrise":null,"sunset":null}},{"weather":[51,26.2],"tide":[],"dailyEx":{"avg":null,"wave":null,"sunrise":null,"sunset":null}},{"weather":[53,24.3],"tide":[],"dailyEx":{"avg":null,"wave":null,"sunrise":null,"sunset":null}},{"weather":[3,29],"tide":[],"dailyEx":{"avg":null,"wave":null,"sunrise":null,"sunset":null}},{"weather":[2,29.9],"tide":[],"dailyEx":{"avg":null,"wave":null,"sunrise":null,"sunset":null}}]}
F030,八溝山,2026-07-08,{"hourly":[{"weather":[[2,16.7,0,0,3.7,null],[2,16.3,0,0,4,null],[1,16,0,0,4,null],[1,17.1,0,0,3.6,null],[1,19.2,0,5,4.9,null],[2,20.9,0,5,5,null],[1,22.2,0,2,4.9,null],[1,23.2,0,3,4.7,null],[1,22.8,0,4,4.6,null],[1,21.3,0,2,4,null],[1,18.7,0,1,5.2,null],[2,17.6,0,0,4.7,null]],"oneday":{"avg":null,"sunrise":null,"sunset":null},"tide":[]},{"weather":[[3,17.4,0,0,4.9,null],[2,17.4,0,0,5.5,null],[3,17.4,0,0,4.8,null],[2,17.8,0,0,4.9,null],[1,20.3,0,0,5.4,null],[1,23,0,0,4.1,null],[1,25.4,0,0,3.4,null],[1,26.1,0,14,3.1,null],[2,25.7,0,25,4.2,null],[1,23,0,27,5.4,null],[1,20.5,0,8,4.9,null],[1,19.1,0,0,4.3,null]],"oneday":{"avg":null,"sunrise":null,"sunset":null},"tide":[]},{"weather":[[0,18.7,0,0,5.1,null],[0,18.2,0,0,4.5,null],[0,17.9,0,0,4.4,null],[0,19.1,0,0,3.5,null],[0,22.3,0,0,3.8,null],[0,25.8,0,0,3,null],[1,28.1,0,0,2.5,null],[1,29.1,0,16,3.8,null],[2,27.9,0,22,6.1,null],[1,24.3,0,14,6.3,null],[1,22.2,0,4,4.7,null],[1,21,0,0,5.1,null]],"oneday":{"avg":null,"sunrise":null,"sunset":null},"tide":[]}],"daily":[{"weather":[95,29.5],"tide":[],"dailyEx":{"avg":null,"wave":null,"sunrise":null,"sunset":null}},{"weather":[53,25.6],"tide":[],"dailyEx":{"avg":null,"wave":null,"sunrise":null,"sunset":null}},{"weather":[96,25.4],"tide":[],"dailyEx":{"avg":null,"wave":null,"sunrise":null,"sunset":null}},{"weather":[3,28.5],"tide":[],"dailyEx":{"avg":null,"wave":null,"sunrise":null,"sunset":null}},{"weather":[3,30.2],"tide":[],"dailyEx":{"avg":null,"wave":null,"sunrise":null,"sunset":null}}]}
F031,府中,2026-07-08,{"hourly":[{"weather":[[2,21.59,0,0,2.16,null],[1,20.84,0,0,2.2,null],[1,20.34,0,0,2.45,null],[1,20.59,0,0,2.35,null],[1,22.64,0,0,1.93,null],[1,25.09,0,0,3.79,null],[1,26.94,0,0,4.15,null],[1,28.08,0,0,5.55,null],[1,28.13,0,0,6,null],[0.97,26.06,0,0,6.3,null],[0.48,23.87,0,0,6.12,null],[1,22.87,0,0,4.93,null]],"oneday":{"avg":null,"sunrise":null,"sunset":null},"tide":[]},{"weather":[[1,22.28,0,0,3.81,null],[1,21.68,0,0,2.82,null],[1,21.14,0,0,2.81,null],[0.48,21.64,0,0,1.56,null],[0,24.35,0,0,4.37,null],[0,27.1,0,0,4.51,null],[0.52,28.84,0,0,6.8,null],[0,29.27,0,0,8.64,null],[0.48,28.35,0,0,8.99,null],[0.48,26.1,0,0,8.58,null],[1,24.31,0,0,7.03,null],[1,23.37,0,0,6.1,null]],"oneday":{"avg":null,"sunrise":null,"sunset":null},"tide":[]},{"weather":[[1,22.68,0,0,4.4,null],[0.52,22.19,0,0,3.47,null],[0,21.54,0,0,2.6,null],[0,22.09,0,0,3.27,null],[0,24.89,0,0,4.68,null],[0,27.69,0,0.52,5.63,null],[0,29.48,0,2.07,8.08,null],[0,29.81,0,0.52,10.03,null],[0,28.54,0,0,10.43,null],[0,26.39,0,0,9.09,null],[0,24.06,0,0,8.13,null],[0,23.08,0,0,5.8,null]],"oneday":{"avg":null,"sunrise":null,"sunset":null},"tide":[]}],"daily":[{"weather":[3,29.69],"tide":[],"dailyEx":{"avg":null,"wave":null,"sunrise":null,"sunset":null}},{"weather":[26.21,29.62],"tide":[],"dailyEx":{"avg":null,"wave":null,"sunrise":null,"sunset":null}},{"weather":[52.93,31],"tide":[],"dailyEx":{"avg":null,"wave":null,"sunrise":null,"sunset":null}},{"weather":[3,30.37],"tide":[],"dailyEx":{"avg":null,"wave":null,"sunrise":null,"sunset":null}},{"weather":[3,33.72],"tide":[],"dailyEx":{"avg":null,"wave":null,"sunrise":null,"sunset":null}}]}
F032,茂木,2026-07-08,{"hourly":[{"weather":[[2,19.19,0,0,2.24,null],[2,18.73,0,0,3.11,null],[0,18.13,0,0,3.69,null],[0.54,19.39,0,0,2.22,null],[1,21.99,0,0,3.97,null],[1.54,23.9,0,0.54,5.19,null],[1,25.09,0,2.14,5.85,null],[1,25.73,0,4.14,5.56,null],[1,25.25,0,3.07,5.95,null],[1,23,0,0,5.37,null],[1,20.98,0,0,4.27,null],[1.54,20.27,0,0,3.44,null]],"oneday":{"avg":null,"sunrise":null,"sunset":null},"tide":[]},{"weather":[[1.54,20.05,0,0,3.89,null],[1.54,19.85,0,0,3.37,null],[1.07,19.61,0,0,3.01,null],[1.61,20.25,0,0,2.28,null],[0.54,22.69,0,0,4.27,null],[1,25.25,0,0,4.15,null],[1,27.51,0,0,4.43,null],[1,28.7,0,10.17,5.19,null],[1,27.67,0,10.63,7.23,null],[1,25.01,0,2,5.82,null],[1,22.83,0,0.46,4.68,null],[1,21.53,0,0,3.09,null]],"oneday":{"avg":null,"sunrise":null,"sunset":null},"tide":[]},{"weather":[[1,20.88,0,0,2.82,null],[0.54,20.34,0,0,3.41,null],[0,20.05,0,0,3.24,null],[0,20.97,0,0,2.55,null],[0,23.61,0,0,4.06,null],[0,26.78,0,1.07,4.26,null],[0,29.54,0,4.28,3.8,null],[0,31.04,0,9.49,6.47,null],[0.54,29.52,0,8.96,7.54,null],[1,26.67,0,3.21,5.71,null],[0.54,24.23,0,0.54,4.99,null],[0.54,22.6,0,0,4.31,null]],"oneday":{"avg":null,"sunrise":null,"sunset":null},"tide":[]}],"daily":[{"weather":[52.77,30.1],"tide":[],"dailyEx":{"avg":null,"wave":null,"sunrise":null,"sunset":null}},{"weather":[74.55,28.72],"tide":[],"dailyEx":{"avg":null,"wave":null,"sunrise":null,"sunset":null}},{"weather":[95.54,27.99],"tide":[],"dailyEx":{"avg":null,"wave":null,"sunrise":null,"sunset":null}},{"weather":[3,29.4],"tide":[],"dailyEx":{"avg":null,"wave":null,"sunrise":null,"sunset":null}},{"weather":[3,31.69],"tide":[],"dailyEx":{"avg":null,"wave":null,"sunrise":null,"sunset":null}}]}
F033,野田,2026-07-08,{"hourly":[{"weather":[[1.55,20.99,0,0,2.65,null],[1,20.29,0,0,3.33,null],[1.45,19.7,0,0,3.29,null],[0.55,20.45,0,0,2.36,null],[0.55,23.27,0,0,3.86,null],[0.55,25.58,0,0,6.45,null],[1,26.85,0,0,6.71,null],[1,27.39,0,0,6.99,null],[1,27.28,0,0,7.26,null],[1.55,25.69,0,0,6.74,null],[1,23.73,0,0,6.03,null],[1,22.71,0,0,4.84,null]],"oneday":{"avg":null,"sunrise":null,"sunset":null},"tide":[]},{"weather":[[1,21.91,0,0,3.96,null],[1,21.35,0,0,2.57,null],[0.55,20.83,0,0,3.09,null],[0.55,21.45,0,0,1.43,null],[0,24.32,0,0.45,4.3,null],[0.45,26.89,0,1.8,4.3,null],[0,28.4,0,4.5,8.19,null],[0,28.71,0,7.65,9.9,null],[0.55,28,0,6.75,9.93,null],[0.55,26.04,0,1.8,8.84,null],[0.55,24.35,0,0.45,6.66,null],[0.55,22.94,0,0,4.98,null]],"oneday":{"avg":null,"sunrise":null,"sunset":null},"tide":[]},{"weather":[[0.55,22.09,0,0,4.41,null],[0,21.43,0,0,3.89,null],[0,20.82,0,0,3.72,null],[0,21.86,0,0,4.06,null],[0,24.83,0,0,5.4,null],[0,27.55,0,0,6.47,null],[0,29.02,0,0.9,9.41,null],[0,29.38,0,6.75,11.06,null],[0,28.56,0,6.75,11.14,null],[0,26.74,0,0.9,8.83,null],[0,24.18,0,0,7.71,null],[0,22.68,0,0,5.13,null]],"oneday":{"avg":null,"sunrise":null,"sunset":null},"tide":[]}],"daily":[{"weather":[3,31.05],"tide":[],"dailyEx":{"avg":null,"wave":null,"sunrise":null,"sunset":null}},{"weather":[29.4,29.62],"tide":[],"dailyEx":{"avg":null,"wave":null,"sunrise":null,"sunset":null}},{"weather":[73,30.72],"tide":[],"dailyEx":{"avg":null,"wave":null,"sunrise":null,"sunset":null}},{"weather":[3,30.29],"tide":[],"dailyEx":{"avg":null,"wave":null,"sunrise":null,"sunset":null}},{"weather":[3,33.54],"tide":[],"dailyEx":{"avg":null,"wave":null,"sunrise":null,"sunset":null}}]}
F034,利根川下流,2026-07-08,{"hourly":[{"weather":[[1.41,19.75,0,0,3.49,null],[1.41,19.22,0,0,4.23,null],[1.18,18.52,0,0,4.25,null],[0,19.74,0,0,2.46,null],[0.41,22.98,0,0,4.7,null],[0.41,25.02,0,0,7.64,null],[1,25.89,0,0,8.26,null],[1,25.98,0,0.82,7.63,null],[1,25.3,0,0.82,8.23,null],[1,23.35,0,0,7.07,null],[1,21.89,0,0,4.97,null],[1,21.17,0,0,3.78,null]],"oneday":{"avg":null,"sunrise":null,"sunset":null},"tide":[]},{"weather":[[1,20.45,0,0,3.95,null],[1,20.09,0,0,2.65,null],[0,19.75,0,0,3.04,null],[0,20.65,0,0,1.39,null],[0,23.57,0,0.59,3.82,null],[1,26.01,0,2.36,4.26,null],[0.41,27.34,0,5.9,7.81,null],[0.41,27.7,0,10.02,8.7,null],[0.41,26.74,0,9.25,9.43,null],[0.41,24.66,0,3.18,7.87,null],[0.41,22.91,0,1,5.58,null],[0.41,21.61,0,0,3.44,null]],"oneday":{"avg":null,"sunrise":null,"sunset":null},"tide":[]},{"weather":[[0.41,20.85,0,0,3.56,null],[0,20.21,0,0,4.32,null],[0,19.75,0,0,3.79,null],[0,20.99,0,0,3.38,null],[0,24.05,0,0,5.07,null],[0,26.71,0,0,5.98,null],[0,28.19,0,1.18,8.02,null],[0,28.63,0,9.66,9.61,null],[0,27.82,0,9.66,10.05,null],[0.41,25.69,0,1.18,7.63,null],[0,23.5,0,0,6.54,null],[0,21.83,0,0,4.87,null]],"oneday":{"avg":null,"sunrise":null,"sunset":null},"tide":[]}],"daily":[{"weather":[3,29.72],"tide":[],"dailyEx":{"avg":null,"wave":null,"sunrise":null,"sunset":null}},{"weather":[22.7,28.34],"tide":[],"dailyEx":{"avg":null,"wave":null,"sunrise":null,"sunset":null}},{"weather":[95,29.84],"tide":[],"dailyEx":{"avg":null,"wave":null,"sunrise":null,"sunset":null}},{"weather":[3,29.67],"tide":[],"dailyEx":{"avg":null,"wave":null,"sunrise":null,"sunset":null}},{"weather":[3,31.63],"tide":[],"dailyEx":{"avg":null,"wave":null,"sunrise":null,"sunset":null}}]}
S001,香取,2026-07-08,{"hourly":[{"weather":[[1.18,20.16,0,0,2.43,45,1.14],[0.63,19.92,0,0,2.88,38,1.12],[0.53,20.27,0,0,2.98,35,1.12],[0,21.48,0,0,2.31,47,1.1],[0.73,23.38,0,0,3.69,61,1.08],[0.73,24.35,0,0,5.12,58,1.08],[1,24.52,0,0,5.44,68,1.08],[1,24.18,0,0.37,4.75,88,1.1],[1,23.59,0,0.37,4.77,125,1.1],[1.55,22.66,0,0,4.13,144,1.1],[1.55,21.79,0,0,3,159,1.12],[1,21.3,0,0,2.29,202,1.12]],"oneday":{"avg":22.28,"sunrise":267,"sunset":1136},"tide":[102,87,74,66,65,70,79,89,98,103,103,99,91,83,77,75,79,88,100,113,125,131,131,123]},{"weather":[[1,20.81,0,0,2.39,170,1.1],[1,20.59,0,0,1.91,157,1.08],[0.55,21.21,1.65,0,1.71,162,1.06],[0,22.82,4.4,0,1.58,100,1.04],[0,24.36,2.2,0.27,3.6,105,1.02],[0.45,25.73,0.55,1.06,4.06,116,1.02],[0.18,26.11,0,2.65,5.59,122,1.02],[0.73,25.83,0,4.51,5.66,136,1.02],[0.73,24.85,0,4.16,5.51,162,1],[0.73,23.53,0,1.43,4.53,180,0.98],[0.73,22.46,0,0.45,3.41,191,0.98],[0.18,21.66,0,0,2.23,194,0.96]],"oneday":{"avg":22.37,"sunrise":268,"sunset":1136},"tide":[111,95,79,65,56,53,57,66,77,88,97,102,102,100,96,93,93,96,103,113,123,130,133,131]},{"weather":[[0.18,21.1,0,0,2.38,188,0.94],[0,20.7,0,0,2.79,191,0.92],[0,21.48,0,0,2.42,184,0.92],[0,23.58,0,0,2.47,144,0.9],[0,25.56,0,0,4.07,133,0.9],[0,26.81,0,0,4.83,134,0.9],[0,27.32,0,0.53,5.68,148,0.88],[0,26.74,0,4.35,6.2,165,0.88],[0,25.33,0,4.35,6.12,176,0.88],[0.18,23.88,0,0.53,4.82,187,0.86],[0,22.62,0,0,3.99,198,0.84],[0,21.7,0,0,3.34,205,0.82]],"oneday":{"avg":22.33,"sunrise":268,"sunset":1136},"tide":[122,108,90,72,55,44,39,42,51,65,80,93,103,109,111,110,108,108,110,115,122,129,134,136]}],"daily":[{"weather":[1.9,28.17],"tide":[132,122,107,87,65,45,31,24,27,38,54,74,92,107,118,122,123,120,119,119,121,126,132,137],"dailyEx":{"avg":22.32,"wave":0.88,"sunrise":268,"sunset":1136}},{"weather":[11.86,28.1],"tide":[139,136,125,108,84,59,35,18,11,14,26,47,71,94,113,126,131,131,127,123,122,123,128,134],"dailyEx":{"avg":22.18,"wave":0.78,"sunrise":269,"sunset":1135}},{"weather":[70.8,29.49],"tide":[141,144,141,129,109,82,53,26,7,-1,4,20,44,72,98,119,132,136,134,128,122,119,121,127],"dailyEx":{"avg":21.98,"wave":0.7,"sunrise":270,"sunset":1135}},{"weather":[53.61,29.58],"tide":[136,144,149,146,133,109,79,47,19,-1,-7,0,19,47,77,105,125,135,137,132,123,116,113,116],"dailyEx":{"avg":22.19,"wave":0.6,"sunrise":270,"sunset":1135}},{"weather":[3,30.95],"tide":[125,136,148,153,149,134,108,76,42,14,-4,-8,3,26,56,86,112,129,136,133,125,114,106,104],"dailyEx":{"avg":22.39,"wave":0.55,"sunrise":271,"sunset":1134}}]}
S002,匝瑳,2026-07-08,{"hourly":[{"weather":[[1,20.53,0,0,3.35,14,1.66],[1,20.12,0,0,3.93,26,1.66],[1.04,19.85,0,0,3.99,26,1.66],[0,20.62,0,0,2.7,17,1.64],[0,22.64,0,0,4.33,46,1.62],[0.96,23.82,0,0,6.1,49,1.64],[0.52,24.08,0,0,6.62,69,1.66],[1,24.02,0,0,5.74,101,1.68],[0.52,23.81,0,0,5.93,141,1.68],[1,22.88,0,0,5.16,147,1.7],[1.48,22.11,0,0,3.46,153,1.72],[1,21.6,0,0,2.81,191,1.74]],"oneday":{"avg":22.89,"sunrise":null,"sunset":null},"tide":[101,87,74,67,66,70,79,89,99,104,104,100,92,84,77,75,78,86,98,111,122,129,129,123]},{"weather":[[0.52,21.13,0,0,2.47,180,1.72],[0.52,20.83,0,0,2.02,112,1.7],[0,20.87,1.45,0,2.35,117,1.7],[0,21.53,3.86,0,1.41,114,1.7],[0,23.33,1.93,0.52,2.65,119,1.68],[0.52,24.67,0.48,2.07,3.7,139,1.68],[0,25.08,0,5.18,6.78,142,1.7],[0,24.88,0,8.81,7.24,148,1.68],[0,24.11,0,7.77,7.08,166,1.68],[0,23.13,0,2.07,5.8,180,1.66],[0,22.31,0,0.52,3.89,202,1.64],[0,21.5,0,0,2.51,207,1.62]],"oneday":{"avg":23.23,"sunrise":null,"sunset":null},"tide":[111,95,80,66,57,54,57,66,77,88,97,101,102,100,96,92,92,95,101,111,121,129,132,130]},{"weather":[[0,21.08,0,0,3.2,186,1.58],[0,20.77,0,0,3.61,183,1.58],[0,20.75,0,0,3.75,178,1.58],[0,21.87,0,0,3.34,171,1.56],[0,23.68,0,0,4.26,171,1.56],[0,25.02,0,0,5.23,164,1.56],[0,25.39,0,1.04,7.37,166,1.58],[0,25.13,0,7.77,8.15,171,1.62],[0,24.42,0,7.77,7.78,180,1.64],[0,23.49,0,1.04,5.98,194,1.64],[0,22.37,0,0,4.64,205,1.66],[0,21.59,0,0,3.5,206,1.66]],"oneday":{"avg":23.55,"sunrise":null,"sunset":null},"tide":[122,108,91,73,57,45,40,43,51,64,79,92,102,108,110,109,107,106,108,113,120,127,133,135]}],"daily":[{"weather":[1.55,26.84],"tide":[],"dailyEx":{"avg":23.56,"wave":1.6,"sunrise":null,"sunset":null}},{"weather":[3,27.14],"tide":[],"dailyEx":{"avg":23.51,"wave":1.66,"sunrise":null,"sunset":null}},{"weather":[50.66,28.43],"tide":[],"dailyEx":{"avg":23.1,"wave":1.43,"sunrise":null,"sunset":null}},{"weather":[26.14,29.12],"tide":[],"dailyEx":{"avg":22.35,"wave":1.26,"sunrise":null,"sunset":null}},{"weather":[3,29.93],"tide":[],"dailyEx":{"avg":21.88,"wave":1.04,"sunrise":null,"sunset":null}}]}
S003,スカイツリー,2026-07-08,{"hourly":[{"weather":[[1.35,21.54,0,0,1.19,21,0.14],[1,20.97,0,0,1.47,11,0.14],[1,21.5,0,0,1.4,84,0.14],[1,22.77,0,0,1.64,125,0.14],[1,24.81,0,0,1.66,142,0.16],[1,26.95,0,0,2.24,149,0.16],[0.35,27.82,0,0,2.23,138,0.18],[1,27.5,0,0,2.85,153,0.18],[1,26.51,0,0,3.09,160,0.18],[1.35,25.34,0,0,3.04,180,0.2],[1,23.93,0,0,3.46,184,0.22],[1,23.18,0,0,2.76,175,0.22]],"oneday":{"avg":24.36,"sunrise":272,"sunset":1139},"tide":[154,131,109,92,83,82,91,106,124,141,150,150,142,128,114,103,100,103,115,131,151,168,178,177]},{"weather":[[1,22.64,0,0,2.05,180,0.24],[0.35,22.2,0,0,1.53,175,0.26],[1,22.66,0,0,1.66,165,0.26],[0.35,23.84,0,0,1.57,144,0.26],[0,26.31,0,0,3.12,135,0.28],[0,28.3,0,0,2.71,139,0.28],[0,29.11,0,0,3.74,151,0.3],[0,28.49,0,0,4.51,169,0.32],[1,26.96,0,0,4.43,193,0.34],[1,25.44,0,0,4.5,186,0.36],[1,24.28,0,0,3.73,184,0.34],[1,23.43,0,0,3.15,169,0.34]],"oneday":{"avg":24.64,"sunrise":272,"sunset":1139},"tide":[165,146,124,102,85,73,70,77,92,112,131,145,150,147,139,131,124,120,122,130,143,158,171,177]},{"weather":[[0.35,22.91,0,0,2.45,171,0.32],[0,22.54,0,0,1.8,175,0.32],[0,23.06,0,0,1.9,172,0.32],[0,24.79,0,0,2.47,145,0.32],[0,27.04,1.29,0,3.15,137,0.3],[0,29.03,1.29,0,3.44,141,0.32],[0,29.71,0,0,4.46,156,0.36],[0,28.94,0,0,5.21,183,0.4],[0,27.04,0,0,5.11,189,0.42],[0,25.43,0,0,4.86,185,0.4],[0,24.01,0,0,4.25,180,0.38],[0,23.35,0,0,3.17,185,0.38]],"oneday":{"avg":24.78,"sunrise":273,"sunset":1139},"tide":[174,161,143,120,97,76,60,54,60,77,100,123,142,153,157,155,150,143,137,135,139,148,161,172]}],"daily":[{"weather":[1.71,30.4],"tide":[177,173,162,144,119,92,65,45,37,43,62,89,118,143,161,171,172,167,157,147,141,142,150,161],"dailyEx":{"avg":24.79,"wave":0.36,"sunrise":273,"sunset":1139}},{"weather":[20.03,29.54],"tide":[172,178,177,167,148,119,86,54,30,21,28,51,82,116,147,171,184,186,178,164,150,141,140,148],"dailyEx":{"avg":24.92,"wave":0.41,"sunrise":274,"sunset":1138}},{"weather":[21.44,29.42],"tide":[160,174,184,185,175,152,118,79,43,17,8,18,43,79,119,156,182,195,193,181,163,145,135,134],"dailyEx":{"avg":25.02,"wave":0.37,"sunrise":274,"sunset":1138}},{"weather":[35.26,29.74],"tide":[144,160,178,192,195,183,155,115,72,34,8,0,13,43,84,128,167,192,200,193,176,154,135,125],"dailyEx":{"avg":25.39,"wave":0.33,"sunrise":275,"sunset":1138}},{"weather":[3,31.77],"tide":[127,140,162,184,200,202,185,153,110,66,28,4,0,17,52,97,142,178,198,199,186,165,141,122],"dailyEx":{"avg":25.52,"wave":0.25,"sunrise":275,"sunset":1137}}]}
S004,世田谷,2026-07-08,{"hourly":[{"weather":[[1.35,21.47,0,0,1.31,21,0.14],[1,20.88,0,0,1.44,11,0.14],[1,21.41,0,0,1.46,84,0.14],[1,22.66,0,0,1.62,125,0.14],[1,24.68,0,0,1.42,142,0.16],[1,26.84,0,0,2.1,149,0.16],[0.35,27.69,0,0,2.24,138,0.18],[1,27.32,0,0,2.83,153,0.18],[1,26.24,0,0,3.09,160,0.18],[0.99,24.86,0,0,3.07,180,0.2],[0.82,23.57,0,0,3.07,184,0.22],[1,22.89,0,0,2.52,175,0.22]],"oneday":{"avg":24.36,"sunrise":272,"sunset":1139},"tide":[154,131,109,92,83,82,91,106,124,141,150,150,142,128,114,103,100,103,115,131,151,168,178,177]},{"weather":[[1,22.42,0,0,2.12,180,0.24],[0.35,22.02,0,0,1.71,175,0.26],[1,22.54,0,0,1.73,165,0.26],[0.17,23.75,0,0,1.66,144,0.26],[0,26.26,0,0,2.83,135,0.28],[0,28.26,0,0,2.79,139,0.28],[0.18,28.94,0,0,3.74,151,0.3],[0,28.19,0,0,4.38,169,0.32],[0.82,26.44,0,0,4.31,193,0.34],[0.82,24.87,0,0,4.27,186,0.36],[1,23.79,0,0,3.52,184,0.34],[1,23.13,0,0,3.15,169,0.34]],"oneday":{"avg":24.64,"sunrise":272,"sunset":1139},"tide":[165,146,124,102,85,73,70,77,92,112,131,145,150,147,139,131,124,120,122,130,143,158,171,177]},{"weather":[[0.35,22.69,0,0,2.41,171,0.32],[0.18,22.39,0,0,2,175,0.32],[0,22.94,0,0,1.9,172,0.32],[0,24.68,0,0,2.18,145,0.32],[0,26.96,1.29,0,2.89,137,0.3],[0,28.92,1.29,0.18,3.23,141,0.32],[0,29.49,0,0.73,4.28,156,0.36],[0,28.51,0,0.18,4.97,183,0.4],[0,26.38,0,0,4.87,189,0.42],[0,24.72,0,0,4.71,185,0.4],[0,23.57,0,0,4.04,180,0.38],[0,23.09,0,0,3.16,185,0.38]],"oneday":{"avg":24.78,"sunrise":273,"sunset":1139},"tide":[174,161,143,120,97,76,60,54,60,77,100,123,142,153,157,155,150,143,137,135,139,148,161,172]}],"daily":[{"weather":[1.71,29.76],"tide":[177,173,162,144,119,92,65,45,37,43,62,89,118,143,161,171,172,167,157,147,141,142,150,161],"dailyEx":{"avg":24.79,"wave":0.36,"sunrise":273,"sunset":1139}},{"weather":[11.22,29.15],"tide":[172,178,177,167,148,119,86,54,30,21,28,51,82,116,147,171,184,186,178,164,150,141,140,148],"dailyEx":{"avg":24.92,"wave":0.41,"sunrise":274,"sunset":1138}},{"weather":[20.68,29.45],"tide":[160,174,184,185,175,152,118,79,43,17,8,18,43,79,119,156,182,195,193,181,163,145,135,134],"dailyEx":{"avg":25.02,"wave":0.37,"sunrise":274,"sunset":1138}},{"weather":[35.29,29.94],"tide":[144,160,178,192,195,183,155,115,72,34,8,0,13,43,84,128,167,192,200,193,176,154,135,125],"dailyEx":{"avg":25.39,"wave":0.33,"sunrise":275,"sunset":1138}},{"weather":[3,31.38],"tide":[127,140,162,184,200,202,185,153,110,66,28,4,0,17,52,97,142,178,198,199,186,165,141,122],"dailyEx":{"avg":25.52,"wave":0.25,"sunrise":275,"sunset":1137}}]}
S005,港北,2026-07-08,{"hourly":[{"weather":[[1.44,21.48,0,0,1.53,11,0.26],[1,20.93,0,0,1.49,13,0.28],[1,21.43,0,0,1.66,61,0.28],[1,22.32,0,0,1.88,94,0.28],[1,24.18,0,0,1.48,80,0.3],[1,26.77,0,0,2.19,84,0.3],[0.44,27.47,0,0,2.54,119,0.32],[0.44,27.42,0,0,3.14,171,0.34],[1,26.05,0,0,3.51,212,0.36],[0.99,24.63,0,0,3.47,204,0.38],[0.77,23.44,0,0,3.19,201,0.4],[1,22.72,0,0,2.75,191,0.4]],"oneday":{"avg":24.14,"sunrise":273,"sunset":1139},"tide":[144,124,103,87,78,78,86,101,118,132,141,141,133,120,108,98,95,99,110,126,144,159,167,166]},{"weather":[[1,22.24,0,0,2.2,193,0.42],[1,21.86,0,0,1.81,186,0.44],[1,22.4,0,0,1.75,174,0.46],[0.21,23.51,0,0,1.48,135,0.48],[0,26.27,0,0,2.86,115,0.48],[0,28.33,0,0,2.95,130,0.5],[0.23,28.93,0,0,4.02,161,0.52],[0,28.06,0,0,4.61,180,0.52],[0.21,26.26,0,0,5.04,198,0.52],[0.77,24.82,0,0,4.65,191,0.52],[1,23.75,0,0,3.85,189,0.52],[0.44,23.11,0,0,3.43,176,0.52]],"oneday":{"avg":24.51,"sunrise":273,"sunset":1139},"tide":[155,137,116,96,79,68,66,73,87,106,124,136,141,138,132,124,118,115,117,124,136,150,162,167]},{"weather":[[0.44,22.64,0,0,2.62,180,0.5],[0.23,22.36,0,0,2.21,185,0.5],[0,22.91,0,0,1.88,184,0.5],[0,24.82,0,0,2.13,125,0.52],[0,27.01,1.67,0,2.95,125,0.52],[0,28.92,1.67,0.23,3.47,149,0.54],[0,29.27,0,0.92,4.53,173,0.58],[0,28.3,0,0.23,5.23,188,0.58],[0,26.23,0,0,5.96,197,0.58],[0,24.84,0,0,5.1,189,0.58],[0,23.53,0,0,4.49,184,0.58],[0,22.92,0,0,3.57,197,0.58]],"oneday":{"avg":24.62,"sunrise":274,"sunset":1139},"tide":[163,152,134,112,90,70,56,51,57,73,94,116,134,144,148,147,142,136,131,129,133,142,154,163]}],"daily":[{"weather":[1.89,29.81],"tide":[167,163,152,134,110,84,59,41,34,41,59,84,111,135,152,161,163,158,149,140,135,137,144,154],"dailyEx":{"avg":24.61,"wave":0.55,"sunrise":274,"sunset":1139}},{"weather":[13.28,29.16],"tide":[164,169,167,157,137,110,78,48,26,19,26,48,77,110,139,162,174,175,168,155,143,136,135,142],"dailyEx":{"avg":24.55,"wave":0.6,"sunrise":275,"sunset":1138}},{"weather":[25.12,29.94],"tide":[154,166,174,175,164,141,108,71,37,14,6,16,41,75,113,147,172,183,182,170,154,139,130,130],"dailyEx":{"avg":24.52,"wave":0.53,"sunrise":275,"sunset":1138}},{"weather":[29.73,30.72],"tide":[139,154,170,182,183,170,143,105,64,29,5,-1,12,41,80,122,157,180,188,181,166,147,130,121],"dailyEx":{"avg":24.94,"wave":0.48,"sunrise":276,"sunset":1138}},{"weather":[3,32.6],"tide":[123,136,156,176,189,189,172,141,100,59,23,2,-1,16,50,92,134,167,185,186,175,155,134,117],"dailyEx":{"avg":25.11,"wave":0.37,"sunrise":277,"sunset":1137}}]}
S006,伊勢原,2026-07-08,{"hourly":[{"weather":[[1,15.27,0,0,1.67,21,0.98],[1,15.15,0,0,1.75,30,1],[1,15.47,0,0,1.31,43,1],[1,16.57,0,0,1.5,87,1.02],[1,18.81,0,1.8,2.02,196,1.04],[1.6,19.65,0,3.59,2.63,207,1.06],[1.6,19.97,0,4.79,3.74,190,1.12],[0.6,20.31,0,3.59,3.4,201,1.14],[1.2,19.81,0,1.8,2.57,215,1.18],[1,18.79,0,0,2.73,190,1.2],[0.4,17.43,0,0,2.45,160,1.22],[0.4,16.95,0,0,2.96,180,1.26]],"oneday":{"avg":24.39,"sunrise":null,"sunset":null},"tide":[114,99,84,72,66,66,72,83,95,104,108,108,104,97,90,86,85,89,97,109,123,132,136,133]},{"weather":[[0.6,16.73,0,0,2.89,194,1.28],[0.4,16.53,0,0,2.63,200,1.3],[0.4,16.83,0,0,2.29,252,1.3],[0,17.75,0,0,2.49,170,1.32],[0,20.05,0,0,1.47,176,1.34],[0.6,21.81,0,0,2.52,176,1.34],[0.6,22.26,0,0,2.88,178,1.32],[0.6,22.02,0,0,3.04,182,1.3],[0,21.24,0,0,4.1,180,1.3],[0,19.49,0,0,4.1,182,1.28],[0.4,18.43,0,0,3.57,187,1.26],[0.6,18.23,0,0,3.6,186,1.22]],"oneday":{"avg":24.92,"sunrise":null,"sunset":null},"tide":[124,111,94,78,64,55,52,57,68,82,94,103,109,111,110,107,104,102,104,110,119,129,135,137]},{"weather":[[0.6,18.33,0,0,2.9,191,1.2],[0,18.27,0,0,2.89,188,1.18],[0,18.61,0,0,1.93,186,1.18],[0,18.79,0,0,2.5,178,1.2],[0,21.45,1.2,0,2.31,171,1.22],[0.6,22.78,1.2,0,3.02,176,1.22],[0.6,23.22,0,0,3.24,182,1.22],[0.6,22.9,0,0,3.43,186,1.24],[0,21.84,0,0,4.39,187,1.26],[0,20.02,0,0,4.48,185,1.28],[0,18.93,0,0,4.54,182,1.26],[0,18.79,0,0,3.51,195,1.26]],"oneday":{"avg":25.31,"sunrise":null,"sunset":null},"tide":[133,124,109,91,71,53,41,37,42,54,70,87,102,115,122,125,123,118,114,114,117,124,132,138]}],"daily":[{"weather":[2.2,22.61],"tide":[],"dailyEx":{"avg":25.32,"wave":1.23,"sunrise":null,"sunset":null}},{"weather":[31.76,23.56],"tide":[],"dailyEx":{"avg":25.34,"wave":1.26,"sunrise":null,"sunset":null}},{"weather":[31.76,23.95],"tide":[],"dailyEx":{"avg":25.31,"wave":1.04,"sunrise":null,"sunset":null}},{"weather":[22.24,25.31],"tide":[],"dailyEx":{"avg":25.43,"wave":0.86,"sunrise":null,"sunset":null}},{"weather":[58.12,26.71],"tide":[],"dailyEx":{"avg":25.13,"wave":0.66,"sunrise":null,"sunset":null}}]}
S007,綾瀬市,2026-07-08,{"hourly":[{"weather":[[1.46,21.29,0,0,2.19,21,0.98],[1,20.76,0,0,2.03,30,1],[1,21.13,0,0,2.08,43,1],[1,22.14,0,0,2.03,87,1.02],[1,24.14,0,0,1.39,196,1.04],[1,25.29,0,0,3.09,207,1.06],[1,25.41,0,0,3.74,190,1.12],[0.46,25.6,0,0,4.04,201,1.14],[0.46,25.24,0,0,3.88,215,1.18],[0.54,24.04,0,0,3.88,190,1.2],[0.54,22.95,0,0,3.15,160,1.22],[1,22.42,0,0,2.9,180,1.26]],"oneday":{"avg":24.39,"sunrise":274,"sunset":1139},"tide":[114,99,84,72,66,66,72,83,95,104,108,108,104,97,90,86,85,89,97,109,123,132,136,133]},{"weather":[[0.46,22.19,0,0,2.51,194,1.28],[1,21.85,0,0,2.15,200,1.3],[1,21.99,0,0,1.72,252,1.3],[0,22.86,0,0,1.76,170,1.32],[0,24.58,0,0,3.23,176,1.34],[0,26.46,0,0,3.79,176,1.34],[0.46,26.83,0,0,4.91,178,1.32],[0,26.23,0,0,5.81,182,1.3],[0,25.22,0,0,5.73,180,1.3],[0,24.01,0,0,5.24,182,1.28],[1,23.22,0,0,4.4,187,1.26],[0.46,22.92,0,0,4.43,186,1.22]],"oneday":{"avg":24.92,"sunrise":274,"sunset":1139},"tide":[124,111,94,78,64,55,52,57,68,82,94,103,109,111,110,107,104,102,104,110,119,129,135,137]},{"weather":[[0.46,22.59,0,0,3.63,191,1.2],[0.46,22.45,0,0,3.48,188,1.18],[0,22.55,0,0,2.66,186,1.18],[0,23.15,0,0,2.5,178,1.2],[0,25.4,1.62,0,3.26,171,1.22],[0,26.75,1.62,0.46,4.08,176,1.22],[0,27.06,0,1.84,5.44,182,1.22],[0,26.38,0,0.46,6.44,186,1.24],[0,25.12,0,0,6.63,187,1.26],[0,23.96,0,0,6,185,1.28],[0,23.12,0,0,5.33,182,1.26],[0,22.78,0,0,4.49,195,1.26]],"oneday":{"avg":25.31,"sunrise":275,"sunset":1139},"tide":[133,124,109,91,71,53,41,37,42,54,70,87,102,115,122,125,123,118,114,114,117,124,132,138]}],"daily":[{"weather":[1.92,27.03],"tide":[139,135,125,109,88,64,42,26,22,27,42,62,84,106,122,134,138,135,128,121,119,121,127,134],"dailyEx":{"avg":25.32,"wave":1.23,"sunrise":275,"sunset":1139}},{"weather":[3,27.79],"tide":[141,143,139,128,110,85,56,31,14,9,16,34,59,86,112,132,144,147,141,131,123,120,121,127],"dailyEx":{"avg":25.34,"wave":1.26,"sunrise":276,"sunset":1138}},{"weather":[25.06,29.21],"tide":[136,144,147,144,132,111,82,49,22,5,1,10,31,61,92,120,141,153,153,143,131,121,117,118],"dailyEx":{"avg":25.31,"wave":1.04,"sunrise":276,"sunset":1138}},{"weather":[28.94,29.98],"tide":[126,137,147,152,149,136,112,79,44,16,0,-2,10,35,67,100,129,150,158,153,140,126,115,111],"dailyEx":{"avg":25.43,"wave":0.86,"sunrise":277,"sunset":1138}},{"weather":[3,31.57],"tide":[114,124,138,150,157,154,139,112,76,41,14,-1,0,16,44,79,113,140,157,159,150,133,117,106],"dailyEx":{"avg":25.13,"wave":0.66,"sunrise":277,"sunset":1137}}]}
S008,八王子,2026-07-08,{"hourly":[{"weather":[[1.63,20.95,0,0,2.24,null],[1,20.27,0,0,2.29,null],[1,19.88,0,0,2.15,null],[1,20.11,0,0,2.3,null],[1,22.11,0,0,1.56,null],[1,24.83,0,0,3.96,null],[1,26.63,0,0,4.72,null],[1,27.75,0,0,5.8,null],[1,27.59,0,0,5.92,null],[0.37,25.28,0,0,5.51,null],[0.37,23.31,0,0,3.69,null],[0.63,22.21,0,0,4.08,null]],"oneday":{"avg":null,"sunrise":null,"sunset":null},"tide":[]},{"weather":[[1,21.55,0,0,3.78,null],[1,21.01,0,0,3,null],[1,20.65,0,0,2.85,null],[0,21.18,0,0,1.8,null],[0,24.09,0,0,3.45,null],[0.37,27.11,0,0,4.03,null],[0.63,28.99,0,0,5.99,null],[0,29.58,0,0,7.63,null],[0,28.48,0,0.37,8.4,null],[0,25.9,0,0.74,7.33,null],[1,23.89,0,0.37,4.8,null],[1,23.12,0,0,4.4,null]],"oneday":{"avg":null,"sunrise":null,"sunset":null},"tide":[]},{"weather":[[1,22.47,0,0,3.37,null],[0.63,22.02,0,0,3.37,null],[0,21.42,0,0,2.57,null],[0,22.02,0,0,2.24,null],[0,25.07,0,0,3.11,null],[0,28.1,0,1.37,4.4,null],[0,30.09,0,5.48,6.38,null],[0,30.4,0,6.94,8.84,null],[0,28.88,0,5.2,9.47,null],[0,26.2,0,0.74,7.77,null],[0,24.16,0,0,5.07,null],[0,23.29,0,0,4.32,null]],"oneday":{"avg":null,"sunrise":null,"sunset":null},"tide":[]}],"daily":[{"weather":[3,29.22],"tide":[],"dailyEx":{"avg":null,"wave":null,"sunrise":null,"sunset":null}},{"weather":[37.14,28.97],"tide":[],"dailyEx":{"avg":null,"wave":null,"sunrise":null,"sunset":null}},{"weather":[51,30.62],"tide":[],"dailyEx":{"avg":null,"wave":null,"sunrise":null,"sunset":null}},{"weather":[3,31.68],"tide":[],"dailyEx":{"avg":null,"wave":null,"sunrise":null,"sunset":null}},{"weather":[20.82,33.15],"tide":[],"dailyEx":{"avg":null,"wave":null,"sunrise":null,"sunset":null}}]}
S009,秦野市,2026-07-08,{"hourly":[{"weather":[[1,13.52,0,0,4.13,null],[1,13.56,0,0,4.07,null],[1,13.36,0,0,3.81,null],[1,13.9,0,0,3.56,null],[1,16.02,0,1.79,4.1,null],[1.6,17.42,0,3.57,4.16,null],[1.6,19.55,0,4.76,4.04,null],[1,19.92,0,4.38,4.04,null],[1.6,19.3,0,2.6,3.34,null],[1,17.36,0,0,3.48,null],[0,15.52,0,0,2.49,null],[0,14.88,0,0,3.56,null]],"oneday":{"avg":null,"sunrise":null,"sunset":null},"tide":[]},{"weather":[[0.6,14.58,0,0,3.6,null],[0,14.38,0,0,3.11,null],[0,14.24,0,0,3.52,null],[0,15.08,0,0,2.11,null],[0,18.18,0,0,0.62,null],[1,21.06,0,0,3.29,null],[1,22.16,0,0,3.65,null],[0.6,22.4,0,0,3.98,null],[0,21.18,0,0,4.9,null],[0,18.18,0,0,4.66,null],[0,16.64,0,0,2.95,null],[0.6,16.23,0,0,2.79,null]],"oneday":{"avg":null,"sunrise":null,"sunset":null},"tide":[]},{"weather":[[0.6,16.33,0,0,2.19,null],[0,16.11,0,0,2.07,null],[0,16.01,0,0,1.16,null],[0,16.31,0,0,1.69,null],[0,19.98,0,0,1.98,null],[0.6,22.52,0,0,3.67,null],[1,23.76,0,0,3.85,null],[0.6,23.6,0,0,4.35,null],[0,21.89,0,0,5.1,null],[0,18.55,0,0,5.73,null],[0,16.93,0,0,4.77,null],[0,16.95,0,0,2.67,null]],"oneday":{"avg":null,"sunrise":null,"sunset":null},"tide":[]}],"daily":[{"weather":[3,22.3],"tide":[],"dailyEx":{"avg":null,"wave":null,"sunrise":null,"sunset":null}},{"weather":[51,23.22],"tide":[],"dailyEx":{"avg":null,"wave":null,"sunrise":null,"sunset":null}},{"weather":[51.81,22.63],"tide":[],"dailyEx":{"avg":null,"wave":null,"sunrise":null,"sunset":null}},{"weather":[3,25.25],"tide":[],"dailyEx":{"avg":null,"wave":null,"sunrise":null,"sunset":null}},{"weather":[57.39,26.45],"tide":[],"dailyEx":{"avg":null,"wave":null,"sunrise":null,"sunset":null}}]}
S010,大月市,2026-07-08,{"hourly":[{"weather":[[1.93,17.02,0,2.5,3.16,null],[1.68,16.93,0,0.42,3.81,null],[1,17.01,0,0,4.06,null],[1,17.53,0,0,1.91,null],[1,19.38,0,0,2.42,null],[1,21.44,0,0,5.07,null],[1,23.51,0,0.68,5.91,null],[1,24.18,0,16.11,6.25,null],[1,23.25,0,23.98,5.55,null],[0.76,20.99,0,20.18,5.01,null],[0.76,19.31,0,6.5,2.03,null],[0.58,18.77,0,0,2.34,null]],"oneday":{"avg":null,"sunrise":null,"sunset":null},"tide":[]},{"weather":[[0.58,18.47,0,0,3.11,null],[0.58,17.99,0,0,3.6,null],[0.58,18.19,0,0,2.62,null],[0.34,18.57,0,0,0.97,null],[0.34,21.68,0,0,2.62,null],[0.76,23.98,0,0.34,6.03,null],[0.24,25.71,0,4.79,7.25,null],[0.76,25.93,0,24.17,6.93,null],[18.55,24.19,0.27,34.16,5.77,null],[18.55,21.98,0.2,28.88,4.81,null],[0.93,20.29,0,9.31,3.83,null],[1,19.86,0,0,5.17,null]],"oneday":{"avg":null,"sunrise":null,"sunset":null},"tide":[]},{"weather":[[0.58,19.7,0,0,5.07,null],[0.24,19.45,0,0,4.91,null],[0,19.05,0,0,4.6,null],[0,19.59,0,0,2.69,null],[0,22.69,0,0,2.78,null],[0.34,25.16,0,2.98,5.55,null],[0,26.83,0,11.03,7.07,null],[0.34,26.89,0,17.56,7.73,null],[18.13,24.76,0.27,16.56,6,null],[18.81,22.42,0.41,8.21,5.74,null],[0.34,20.53,0,2.74,5.74,null],[0,20.22,0,0,5.58,null]],"oneday":{"avg":null,"sunrise":null,"sunset":null},"tide":[]}],"daily":[{"weather":[3,25.64],"tide":[],"dailyEx":{"avg":null,"wave":null,"sunrise":null,"sunset":null}},{"weather":[57.81,25.38],"tide":[],"dailyEx":{"avg":null,"wave":null,"sunrise":null,"sunset":null}},{"weather":[70.46,25.1],"tide":[],"dailyEx":{"avg":null,"wave":null,"sunrise":null,"sunset":null}},{"weather":[19.42,27.83],"tide":[],"dailyEx":{"avg":null,"wave":null,"sunrise":null,"sunset":null}},{"weather":[40.71,29.01],"tide":[],"dailyEx":{"avg":null,"wave":null,"sunrise":null,"sunset":null}}]}
S011,柏,2026-07-08,{"hourly":[{"weather":[[1.33,20.6,0,0,3.06,null],[1,19.9,0,0,3.83,null],[1.67,19.27,0,0,3.77,null],[0.33,20.23,0,0,2.34,null],[0.33,23.4,0,0,4.47,null],[0.33,25.67,0,0,7.53,null],[1,26.63,0,0,7.97,null],[1,26.8,0,0,7.66,null],[1,26.5,0,0,7.87,null],[1.33,24.87,0,0,7,null],[1,23.17,0,0,5.47,null],[1,22.23,0,0,4.47,null]],"oneday":{"avg":null,"sunrise":null,"sunset":null},"tide":[]},{"weather":[[1,21.43,0,0,4.13,null],[1,20.94,0,0,2.7,null],[0.33,20.5,0,0,3.33,null],[0.33,21.23,0,0,1.5,null],[0,24.23,0,0.67,3.87,null],[0.67,26.74,0,2.67,4.3,null],[0,27.97,0,6.67,8.86,null],[0,28.04,0,11.34,10.33,null],[0.33,27.13,0,10,10.23,null],[0.33,25.24,0,2.67,8.67,null],[0.33,23.7,0,0.67,6.2,null],[0.33,22.33,0,0,4.44,null]],"oneday":{"avg":null,"sunrise":null,"sunset":null},"tide":[]},{"weather":[[0.33,21.5,0,0,4.37,null],[0,20.87,0,0,4.37,null],[0,20.3,0,0,4.26,null],[0,21.6,0,0,4.04,null],[0,24.7,0,0,5.4,null],[0,27.33,0,0,6.6,null],[0,28.5,0,1.33,9.8,null],[0,28.6,0,10,11.23,null],[0,27.67,0,10,11.16,null],[0,25.94,0,1.33,8.5,null],[0,23.64,0,0,7.23,null],[0,22.14,0,0,4.8,null]],"oneday":{"avg":null,"sunrise":null,"sunset":null},"tide":[]}],"daily":[{"weather":[3,30.83],"tide":[],"dailyEx":{"avg":null,"wave":null,"sunrise":null,"sunset":null}},{"weather":[18.99,29.1],"tide":[],"dailyEx":{"avg":null,"wave":null,"sunrise":null,"sunset":null}},{"weather":[81.68,30.63],"tide":[],"dailyEx":{"avg":null,"wave":null,"sunrise":null,"sunset":null}},{"weather":[3,30.53],"tide":[],"dailyEx":{"avg":null,"wave":null,"sunrise":null,"sunset":null}},{"weather":[3,32.93],"tide":[],"dailyEx":{"avg":null,"wave":null,"sunrise":null,"sunset":null}}]}
S012,成田,2026-07-08,{"hourly":[{"weather":[[1.29,20.15,0,0,3.34,14,1.66],[1.29,19.74,0,0,3.93,26,1.66],[0.83,19.3,0,0,4.01,26,1.66],[0,20.23,0,0,2.66,17,1.64],[0.29,22.58,0,0,4.25,46,1.62],[0.88,24.05,0,0,6.21,49,1.64],[0.71,24.66,0,0,6.75,69,1.66],[1,24.81,0,0.58,6.14,101,1.68],[0.71,24.39,0,0.58,6.65,141,1.68],[1,22.98,0,0,5.8,147,1.7],[1.29,21.89,0,0,4.17,153,1.72],[1,21.33,0,0,3.15,191,1.74]],"oneday":{"avg":22.89,"sunrise":null,"sunset":null},"tide":[101,87,74,67,66,70,79,89,99,104,104,100,92,84,77,75,78,86,98,111,122,129,129,123]},{"weather":[[0.71,20.79,0,0,2.91,180,1.72],[0.71,20.47,0,0,2.19,112,1.7],[0,20.35,0.88,0,2.41,117,1.7],[0,21.1,2.34,0,1.34,114,1.7],[0,23.26,1.17,0.42,3.3,119,1.68],[0.71,25.04,0.29,1.67,3.91,139,1.68],[0.29,25.98,0,4.17,6.52,142,1.7],[0.29,26.21,0,7.09,7.09,148,1.68],[0.29,25.44,0,6.54,7.61,166,1.68],[0.29,23.94,0,2.25,6.44,180,1.66],[0.29,22.61,0,0.71,4.58,202,1.64],[0.29,21.61,0,0,2.82,207,1.62]],"oneday":{"avg":23.23,"sunrise":null,"sunset":null},"tide":[111,95,80,66,57,54,57,66,77,88,97,101,102,100,96,92,92,95,101,111,121,129,132,130]},{"weather":[[0.29,21.07,0,0,3.11,186,1.58],[0,20.62,0,0,3.64,183,1.58],[0,20.44,0,0,3.35,178,1.58],[0,21.46,0,0,3.16,171,1.56],[0,23.68,0,0,4.48,171,1.56],[0,25.59,0,0,5.27,164,1.56],[0,26.64,0,0.83,6.88,166,1.58],[0,26.89,0,6.83,8.13,171,1.62],[0,26.23,0,6.83,8.31,180,1.64],[0.29,24.67,0,0.83,6.51,194,1.64],[0,23.03,0,0,5.4,205,1.66],[0,21.85,0,0,4.22,206,1.66]],"oneday":{"avg":23.55,"sunrise":null,"sunset":null},"tide":[122,108,91,73,57,45,40,43,51,64,79,92,102,108,110,109,107,106,108,113,120,127,133,135]}],"daily":[{"weather":[2.12,27.72],"tide":[],"dailyEx":{"avg":23.56,"wave":1.6,"sunrise":null,"sunset":null}},{"weather":[16.93,27.63],"tide":[],"dailyEx":{"avg":23.51,"wave":1.66,"sunrise":null,"sunset":null}},{"weather":[68.05,28.77],"tide":[],"dailyEx":{"avg":23.1,"wave":1.43,"sunrise":null,"sunset":null}},{"weather":[17.06,28.95],"tide":[],"dailyEx":{"avg":22.35,"wave":1.26,"sunrise":null,"sunset":null}},{"weather":[3,30.48],"tide":[],"dailyEx":{"avg":21.88,"wave":1.04,"sunrise":null,"sunset":null}}]}
S013,大多喜,2026-07-08,{"hourly":[{"weather":[[1,20.34,0,0,2.43,16,1.58],[1,19.99,0,0,2.68,13,1.58],[0.45,20.87,0,0,2.88,35,1.58],[0,22.45,0,0,2.45,63,1.58],[0,24.66,1.09,0.45,3.3,90,1.58],[0.55,25.86,1.09,1.36,3.96,102,1.58],[1,26.18,0,1.82,3.95,97,1.58],[0.91,25.33,0,1.36,1.96,90,1.6],[0.91,23.94,0,1.36,2.82,77,1.64],[1,23.09,0,1.82,2.56,124,1.66],[0.45,21.95,0,0.45,2.01,138,1.68],[0,21.43,0,0,2.56,157,1.7]],"oneday":{"avg":24.73,"sunrise":271,"sunset":1136},"tide":[109,92,76,64,58,61,69,82,95,105,109,106,99,89,79,73,72,78,90,104,118,129,134,130]},{"weather":[[0,21.11,0,0,2.29,108,1.7],[0,20.67,0,0,1.86,96,1.72],[0,21.53,2.73,0,2.88,126,1.74],[0,22.77,8.74,0,1.4,132,1.76],[0,24.86,9.83,0.45,1.66,139,1.78],[0.45,26.07,6.55,4.54,1.97,135,1.8],[0.91,26.22,1.09,12.26,3.35,148,1.82],[0.45,25.48,0,24.51,3.76,150,1.8],[0,24.22,0,20.88,3.68,158,1.8],[0,22.78,0,2.72,3.16,184,1.78],[0,21.79,0,0,2.22,222,1.76],[0,21.23,0,0,2.57,201,1.74]],"oneday":{"avg":24.75,"sunrise":272,"sunset":1136},"tide":[120,104,85,68,55,48,49,57,70,84,97,105,107,105,100,94,89,89,93,102,113,124,132,134]},{"weather":[[0,20.69,0,0,3.05,186,1.74],[0,20.46,0,0,3.32,186,1.74],[0,21.72,0.55,0,2.77,158,1.74],[0,23.05,1.09,0,2.24,150,1.76],[0,25.21,1.09,0.45,2.44,150,1.76],[0,26.45,1.09,1.82,2.2,149,1.78],[0.45,26.76,1.09,3.63,3.67,157,1.82],[0,25.8,0.55,3.18,4.68,171,1.84],[0,24.27,0,1.82,4.64,189,1.88],[0.55,22.95,0,0,3.84,196,1.9],[0,21.8,0,0,2.7,210,1.9],[0,21.2,0,0,3.21,210,1.9]],"oneday":{"avg":24.96,"sunrise":272,"sunset":1135},"tide":[129,117,100,80,60,45,36,35,43,57,74,91,104,112,115,113,108,104,102,104,110,118,127,133]}],"daily":[{"weather":[1.91,27.5],"tide":[135,130,118,99,76,53,33,22,20,29,45,66,88,107,119,125,125,120,114,110,110,113,120,129],"dailyEx":{"avg":24.96,"wave":1.82,"sunrise":272,"sunset":1135}},{"weather":[3,27.46],"tide":[136,139,134,121,99,72,45,22,8,6,16,36,61,88,112,128,135,134,128,119,112,110,112,120],"dailyEx":{"avg":24.74,"wave":1.79,"sunrise":273,"sunset":1135}},{"weather":[51,28.92],"tide":[131,140,144,140,124,99,69,37,12,-3,-5,7,31,61,92,118,135,141,138,129,118,109,106,110],"dailyEx":{"avg":23.99,"wave":1.52,"sunrise":274,"sunset":1135}},{"weather":[29.21,29.81],"tide":[120,133,145,151,145,127,99,64,30,3,-11,-10,6,33,67,100,126,141,144,137,124,111,101,99],"dailyEx":{"avg":24.23,"wave":1.36,"sunrise":274,"sunset":1134}},{"weather":[3,32.02],"tide":[106,119,136,150,155,148,127,96,59,25,-1,-13,-8,12,42,77,110,133,144,142,131,115,100,91],"dailyEx":{"avg":25.27,"wave":1.09,"sunrise":275,"sunset":1134}}]}
S014,亀山,2026-07-08,{"hourly":[{"weather":[[1,20.82,0,0,2.76,29,1.38],[1,20.42,0,0,2.97,36,1.38],[0.42,21.1,0.58,0,2.95,43,1.38],[0,22.47,1.16,0,2.76,88,1.36],[0,24.09,2.31,0.42,4.19,111,1.36],[0.58,25.01,1.73,1.27,4.62,112,1.36],[1,25.32,1.16,1.69,4.19,111,1.38],[0.84,24.97,2.31,1.27,2.36,100,1.4],[0.84,24.04,1.73,1.27,3.2,84,1.42],[1,23.4,0,1.69,3.04,114,1.44],[0.42,22.48,0,0.42,2.29,129,1.46],[0,21.91,0,0,2.55,133,1.46]],"oneday":{"avg":24.58,"sunrise":272,"sunset":1136},"tide":[109,91,75,64,61,64,73,84,95,104,108,106,99,90,81,77,78,85,95,107,119,128,132,128]},{"weather":[[0,21.56,0,0,2.4,122,1.46],[0,21.19,0,0,2.14,125,1.48],[0,21.65,0,0,2.98,129,1.5],[0,22.66,2.31,0,1.53,130,1.52],[0,24.27,10.4,0.42,2.11,141,1.52],[0.42,25.3,23.11,4.22,2.35,136,1.54],[0.84,25.58,34.09,11.4,3.64,144,1.56],[0.42,25.17,13.29,22.8,3.98,141,1.56],[0,24.36,0,19.42,3.77,140,1.54],[0,23.2,0,2.53,3.21,150,1.52],[0,22.36,0,0,2.18,184,1.5],[0,21.82,0,0,2.13,203,1.5]],"oneday":{"avg":24.89,"sunrise":272,"sunset":1136},"tide":[117,101,82,65,53,48,50,56,66,79,91,98,101,101,97,93,91,93,99,106,114,123,130,131]},{"weather":[[0,21.47,0,0,2.34,174,1.48],[0,21.19,0,0,3.07,170,1.48],[0,21.9,0,0,2.94,145,1.48],[0,22.86,1.16,0,2.38,141,1.5],[0,24.5,3.47,0.42,2.79,143,1.5],[0,25.67,4.62,1.69,2.57,139,1.5],[0.42,26.15,3.47,3.38,4.03,146,1.52],[0,25.52,1.16,2.96,5.02,162,1.54],[0,24.36,0,1.69,4.91,182,1.56],[0.58,23.27,0,0,4.1,193,1.58],[0,22.26,0,0,2.75,202,1.58],[0,21.64,0,0,3.23,202,1.58]],"oneday":{"avg":25.01,"sunrise":273,"sunset":1136},"tide":[125,113,96,76,56,42,34,33,38,49,64,80,93,102,107,108,106,104,105,107,111,117,124,130]}],"daily":[{"weather":[1.84,26.64],"tide":[131,125,112,94,71,49,31,20,15,20,34,54,75,94,108,116,118,116,113,111,110,111,117,125],"dailyEx":{"avg":25.01,"wave":1.53,"sunrise":273,"sunset":1136}},{"weather":[30.73,27.03],"tide":[131,133,128,115,94,68,42,20,5,0,6,24,49,75,99,117,126,127,123,117,111,107,109,116],"dailyEx":{"avg":24.81,"wave":1.47,"sunrise":274,"sunset":1135}},{"weather":[51,28.44],"tide":[126,135,138,134,119,95,65,35,10,-7,-11,-1,22,51,82,109,127,134,132,124,114,106,102,105],"dailyEx":{"avg":23.83,"wave":1.26,"sunrise":274,"sunset":1135}},{"weather":[30.73,29.48],"tide":[115,128,140,144,139,122,95,62,29,2,-14,-15,0,27,61,94,120,135,139,133,121,107,98,96],"dailyEx":{"avg":23.3,"wave":1.16,"sunrise":275,"sunset":1135}},{"weather":[3,31.16],"tide":[102,115,132,145,150,143,124,94,59,24,-2,-15,-11,9,40,75,107,130,141,140,129,113,98,90],"dailyEx":{"avg":24.71,"wave":0.95,"sunrise":275,"sunset":1134}}]}
S015,戸面原,2026-07-08,{"hourly":[{"weather":[[1,20.4,0,0,3.01,42,1.7],[1,20.07,0,0,3.58,45,1.7],[0.69,19.97,0,0,3.86,61,1.72],[0,21.17,0,0,2.92,85,1.74],[0,23.46,0,0.69,4.69,106,1.76],[0.31,25.04,0.31,2.06,5.38,105,1.78],[1,25.93,0.63,2.74,5.26,112,1.82],[1.37,25.66,0.31,2.06,2.84,104,1.86],[1.37,24.54,0,2.06,4.54,83,1.9],[0.69,23.55,0,2.74,3.52,90,1.96],[0.69,22.34,0,0.69,2.99,118,2],[0,21.76,0,0,3.37,125,2.02]],"oneday":{"avg":24.71,"sunrise":null,"sunset":null},"tide":[111,93,77,65,60,62,71,83,95,105,108,106,99,89,80,74,74,80,91,106,120,130,135,131]},{"weather":[[0,21.22,0,0,3.24,117,2.04],[0,20.81,0.31,0,2.58,122,2.06],[0,20.6,0.63,0,4.21,119,2.1],[0,21.58,0.63,0,1.58,137,2.14],[0,23.97,0.31,0.69,1.85,141,2.16],[0.69,25.58,0,6.85,2.4,142,2.18],[1.37,26.13,0,18.5,4.83,139,2.22],[0.69,25.92,0,37,5.72,135,2.22],[0,25.11,0,31.51,5.58,128,2.18],[0,23.6,0,4.11,4.48,148,2.12],[0,22.37,0,0,2.76,160,2.1],[0,21.69,0,0,3.28,180,2.08]],"oneday":{"avg":26.57,"sunrise":null,"sunset":null},"tide":[121,105,87,69,56,49,50,58,71,85,97,105,108,106,101,95,91,91,95,104,115,126,133,135]},{"weather":[[0,21.18,0,0,3.61,175,2.08],[0,20.87,0.63,0,3.97,165,2.06],[0,20.87,0.63,0,3.84,149,2.06],[0,22.02,0,0,2.89,143,2.08],[0,24.25,0,0.69,3.32,134,2.08],[0,26.02,0,2.74,2.9,140,2.1],[0.69,26.98,0,5.48,5.28,144,2.12],[0,26.4,0,4.8,6.78,151,2.14],[0,25.11,0,2.74,6.49,172,2.14],[0.31,23.53,0,0,5.16,182,2.14],[0,22.3,0,0,3.47,175,2.14],[0,21.48,0.31,0,3.89,191,2.14]],"oneday":{"avg":26.92,"sunrise":null,"sunset":null},"tide":[130,118,101,81,61,46,37,36,44,57,74,91,104,113,116,115,111,107,105,107,113,121,129,136]}],"daily":[{"weather":[2.37,27.6],"tide":[],"dailyEx":{"avg":26.92,"wave":2.11,"sunrise":null,"sunset":null}},{"weather":[18.11,27.4],"tide":[],"dailyEx":{"avg":26.72,"wave":2.08,"sunrise":null,"sunset":null}},{"weather":[51,29.53],"tide":[],"dailyEx":{"avg":26.26,"wave":1.78,"sunrise":null,"sunset":null}},{"weather":[3,30.3],"tide":[],"dailyEx":{"avg":25.94,"wave":1.61,"sunrise":null,"sunset":null}},{"weather":[3,32.72],"tide":[],"dailyEx":{"avg":25.88,"wave":1.17,"sunrise":null,"sunset":null}}]}
